{
	"credit": "Made with Blockbench, a free, modern block model editor by JannisX11",
	"textures": {
		"1": "maxaxik/maxaxik_arm",
		"particle": "maxaxik/maxaxik_arm"
	},
	"elements": [
		{
			"name": "cube",
			"from": [5.75, 0, 5.75],
			"to": [10.25, 12, 10.25],
			"faces": {
				"north": {"uv": [4, 4, 7, 16], "texture": "#1"},
				"east": {"uv": [1, 4, 4, 16], "texture": "#1"},
				"south": {"uv": [10, 4, 13, 16], "texture": "#1"},
				"west": {"uv": [7, 4, 10, 16], "texture": "#1"},
				"up": {"uv": [4, 0, 7, 3], "texture": "#1"},
				"down": {"uv": [7, 0, 10, 4], "texture": "#1"}
			},
			"type": "cube"
		}
	],
	"display": {
		"thirdperson_righthand": {
			"scale": [1, 1, 1],
			"rotation": [87, 0, 0],
			"translation": [0, -1.7, 7.3]
		}
	}
}