{
	"credit": "Made with Blockbench, a free, modern block model editor by JannisX11",
	"textures": {
		"0": "maxaxik/wrimpl_arm",
		"particle": "maxaxik/wrimpl_arm"
	},
	"elements": [
		{
			"name": "cube",
			"from": [5.75, 0, 5.75],
			"to": [10.25, 12, 10.25],
			"faces": {
				"north": {"uv": [4, 4, 8, 16], "texture": "#0"},
				"east": {"uv": [0, 4, 4, 16], "texture": "#0"},
				"south": {"uv": [12, 4, 16, 16], "texture": "#0"},
				"west": {"uv": [8, 4, 12, 16], "texture": "#0"},
				"up": {"uv": [4, 0, 8, 4], "texture": "#0"},
				"down": {"uv": [8, 0, 12, 4], "texture": "#0"}
			},
			"type": "cube"
		}
	],
	"display": {
		"thirdperson_righthand": {
			"scale": [1, 1, 1],
			"rotation": [87, 0, 0],
			"translation": [0, -1.7, 7.3]
		}
	}
}