{
    "parent": "item/handheld",
    "textures": {
        "layer0": "items/diamond_hoe"
    },
    "overrides": [
        { "predicate": { "damaged": 0, "damage": 0.0006406149903907751}, "model": "item/arm"},
        { "predicate": { "damaged": 0, "damage": 0.0012812299807815502}, "model": "item/tel"},
        { "predicate": { "damaged": 0, "damage": 0.0019218449711723255}, "model": "item/swp"},
        { "predicate": { "damaged": 0, "damage": 0.0025624599615631004}, "model": "item/ult"},
        { "predicate": { "damaged": 0, "damage": 0.0032030749519538757}, "model": "item/mis"},
        { "predicate": { "damaged": 0, "damage": 0.003843689942344651}, "model": "item/ran"},
        { "predicate": { "damaged": 0, "damage": 0.004484304932735426}, "model": "item/fpr"},
        { "predicate": { "damaged": 0, "damage": 0.005124919923126201}, "model": "item/run"},
        { "predicate": { "damaged": 0, "damage": 0.005765534913516977}, "model": "item/see"},
        { "predicate": { "damaged": 0, "damage": 0.0064061499039077515}, "model": "item/rbb"},
        { "predicate": { "damaged": 0, "damage": 0.007046764894298526}, "model": "item/pls"},
        { "predicate": { "damaged": 0, "damage": 0.007687379884689302}, "model": "item/mor"},
        { "predicate": { "damaged": 0, "damage": 0.008327994875080076}, "model": "item/baa"},
        { "predicate": { "damaged": 0, "damage": 0.008968609865470852}, "model": "item/exj"},
        { "predicate": { "damaged": 0, "damage": 0.009609224855861628}, "model": "item/exp"},
        { "predicate": { "damaged": 0, "damage": 0.010249839846252402}, "model": "item/rbp"},
        { "predicate": { "damaged": 0, "damage": 0.010890454836643177}, "model": "item/shb"},
        { "predicate": { "damaged": 0, "damage": 0.011531069827033953}, "model": "item/nfd"},
        { "predicate": { "damaged": 0, "damage": 0.012171684817424727}, "model": "item/shp"},
        { "predicate": { "damaged": 0, "damage": 0.012812299807815503}, "model": "item/dab"},
        { "predicate": { "damaged": 0, "damage": 0.013452914798206279}, "model": "item/sha"},
        { "predicate": { "damaged": 0, "damage": 0.014093529788597053}, "model": "item/rba"},
        { "predicate": { "damaged": 0, "damage": 0.014734144778987828}, "model": "item/lev"},
        { "predicate": { "damaged": 0, "damage": 0.015374759769378604}, "model": "item/lsr"},
        { "predicate": { "damaged": 0, "damage": 0.016015374759769378}, "model": "item/smb"},
        { "predicate": { "damaged": 0, "damage": 0.016655989750160152}, "model": "item/bld"},
        { "predicate": { "damaged": 0, "damage": 0.01729660474055093}, "model": "item/ram"},
        { "predicate": { "damaged": 0, "damage": 0.017937219730941704}, "model": "item/lfd"},
        { "predicate": { "damaged": 0, "damage": 0.018577834721332478}, "model": "item/tor"},
        { "predicate": { "damaged": 0, "damage": 0.019218449711723255}, "model": "item/pur"},
        { "predicate": { "damaged": 0, "damage": 0.01985906470211403}, "model": "item/enb"},
        { "predicate": { "damaged": 0, "damage": 0.020499679692504803}, "model": "item/sac"},
        { "predicate": { "damaged": 0, "damage": 0.02114029468289558}, "model": "item/inv"},
        { "predicate": { "damaged": 0, "damage": 0.021780909673286355}, "model": "item/stp"},
        { "predicate": { "damaged": 0, "damage": 0.02242152466367713}, "model": "item/mnd"},
        { "predicate": { "damaged": 0, "damage": 0.023062139654067906}, "model": "item/asw"},
        { "predicate": { "damaged": 0, "damage": 0.02370275464445868}, "model": "item/hhg"},
        { "predicate": { "damaged": 0, "damage": 0.024343369634849454}, "model": "item/res"},
        { "predicate": { "damaged": 0, "damage": 0.024983984625240232}, "model": "item/god"},
        { "predicate": { "damaged": 0, "damage": 0.025624599615631006}, "model": "item/reg"},
        { "predicate": { "damaged": 0, "damage": 0.02626521460602178}, "model": "item/sat"},
        { "predicate": { "damaged": 0, "damage": 0.026905829596412557}, "model": "item/spd"},
        { "predicate": { "damaged": 0, "damage": 0.02754644458680333}, "model": "item/str"},
        { "predicate": { "damaged": 0, "damage": 0.028187059577194105}, "model": "item/vis"},
        { "predicate": { "damaged": 0, "damage": 0.028827674567584883}, "model": "item/wut"},
        { "predicate": { "damaged": 0, "damage": 0.029468289557975657}, "model": "item/vex"},
        { "predicate": { "damaged": 0, "damage": 0.03010890454836643}, "model": "item/dis"},
        { "predicate": { "damaged": 0, "damage": 0.03074951953875721}, "model": "item/ftp"},
        { "predicate": { "damaged": 0, "damage": 0.03139013452914798}, "model": "item/bls"},
        { "predicate": { "damaged": 0, "damage": 0.032030749519538756}, "model": "item/mne"},
        { "predicate": { "damaged": 0, "damage": 0.03267136450992953}, "model": "item/mnf"},
        { "predicate": { "damaged": 0, "damage": 0.033311979500320305}, "model": "item/bmo"},
        { "predicate": { "damaged": 0, "damage": 0.033952594490711085}, "model": "item/bal"},
        { "predicate": { "damaged": 0, "damage": 0.035233824471492634}, "model": "item/jum"},
        { "predicate": { "damaged": 0, "damage": 0.03587443946188341}, "model": "item/flt"},
        { "predicate": { "damaged": 0, "damage": 0.03651505445227418}, "model": "item/cnf"},
        { "predicate": { "damaged": 0, "damage": 0.037155669442664956}, "model": "item/gol"},
        { "predicate": { "damaged": 0, "damage": 0.03779628443305574}, "model": "item/blw"},
        { "predicate": { "damaged": 0, "damage": 0.03843689942344651}, "model": "item/fir"},
        { "predicate": { "damaged": 0, "damage": 0.039077514413837285}, "model": "item/evc"},
        { "predicate": { "damaged": 0, "damage": 0.03971812940422806}, "model": "item/shd"},
        { "predicate": { "damaged": 0, "damage": 0.04035874439461883}, "model": "item/ice"},
        { "predicate": { "damaged": 0, "damage": 0.04099935938500961}, "model": "item/wal"},
        { "predicate": { "damaged": 0, "damage": 0.04163997437540039}, "model": "item/mab"},
        { "predicate": { "damaged": 0, "damage": 0.04228058936579116}, "model": "item/psm"},
        { "predicate": { "damaged": 0, "damage": 0.042921204356181936}, "model": "item/pyr"},
        { "predicate": { "damaged": 0, "damage": 0.04356181934657271}, "model": "item/sto"},
        { "predicate": { "damaged": 0, "damage": 0.044202434336963484}, "model": "item/amr"},
        { "predicate": { "damaged": 0, "damage": 0.04484304932735426}, "model": "item/ftr"},
        { "predicate": { "damaged": 0, "damage": 0.04548366431774504}, "model": "item/die"},
        { "predicate": { "damaged": 0, "damage": 0.04612427930813581}, "model": "item/frp"},
        { "predicate": { "damaged": 0, "damage": 0.04676489429852659}, "model": "item/psp"},
        { "predicate": { "damaged": 0, "damage": 0.04740550928891736}, "model": "item/trw"},
        { "predicate": { "damaged": 0, "damage": 0.048046124279308135}, "model": "item/atm"},
        { "predicate": { "damaged": 0, "damage": 0.04868673926969891}, "model": "item/epl"},
        { "predicate": { "damaged": 0, "damage": 0.04932735426008968}, "model": "item/wtt"},
        { "predicate": { "damaged": 0, "damage": 0.049967969250480464}, "model": "item/wtp"},
        { "predicate": { "damaged": 0, "damage": 0.05060858424087124}, "model": "item/pst"},
        { "predicate": { "damaged": 0, "damage": 0.05124919923126201}, "model": "item/lbl"},
        { "predicate": { "damaged": 0, "damage": 0.051889814221652786}, "model": "item/chl"},
        { "predicate": { "damaged": 0, "damage": 0.05253042921204356}, "model": "item/icb"},
        { "predicate": { "damaged": 0, "damage": 0.053171044202434334}, "model": "item/sls"},
        { "predicate": { "damaged": 0, "damage": 0.053811659192825115}, "model": "item/ptw"},
        { "predicate": { "damaged": 0, "damage": 0.05445227418321589}, "model": "item/hib"},
        { "predicate": { "damaged": 0, "damage": 0.05509288917360666}, "model": "item/hrb"},
        { "predicate": { "damaged": 0, "damage": 0.05573350416399744}, "model": "item/ibl"},
        { "predicate": { "damaged": 0, "damage": 0.05637411915438821}, "model": "item/lol"},
        { "predicate": { "damaged": 0, "damage": 0.057014734144778985}, "model": "item/rik"},
        { "predicate": { "damaged": 0, "damage": 0.057655349135169766}, "model": "item/stm"},
        { "predicate": { "damaged": 0, "damage": 0.05829596412556054}, "model": "item/tim"},
        { "predicate": { "damaged": 0, "damage": 0.058936579115951314}, "model": "item/ext"},
        { "predicate": { "damaged": 0, "damage": 0.05957719410634209}, "model": "item/rdn"},
        { "predicate": { "damaged": 0, "damage": 0.06021780909673286}, "model": "item/psc"},
        { "predicate": { "damaged": 0, "damage": 0.060858424087123636}, "model": "item/fpu"},
        { "predicate": { "damaged": 0, "damage": 0.06149903907751442}, "model": "item/ale"},
        { "predicate": { "damaged": 0, "damage": 0.06213965406790519}, "model": "item/tag"},
        { "predicate": { "damaged": 0, "damage": 0.06278026905829596}, "model": "item/spr"},
        { "predicate": { "damaged": 0, "damage": 0.06342088404868675}, "model": "item/wav"},
        { "predicate": { "damaged": 0, "damage": 0.06406149903907751}, "model": "item/fng"},
        { "predicate": { "damaged": 0, "damage": 0.0647021140294683}, "model": "item/plg"},
        { "predicate": { "damaged": 0, "damage": 0.06534272901985906}, "model": "item/ica"},
        { "predicate": { "damaged": 0, "damage": 0.06598334401024984}, "model": "item/ics"},
        { "predicate": { "damaged": 0, "damage": 0.06662395900064061}, "model": "item/dap"},
        { "predicate": { "damaged": 0, "damage": 0.06726457399103139}, "model": "item/fly"},
        { "predicate": { "damaged": 0, "damage": 0.06790518898142217}, "model": "item/swm"},
        { "predicate": { "damaged": 0, "damage": 0.06854580397181294}, "model": "item/wod"}
    ]
}