{
    "parent": "item/handheld",
    "textures": {
        "layer0": "items/diamond_pickaxe"
    },
    "overrides": [
        { "predicate": { "damaged": 0, "damage": 0.0006406149903907751}, "model": "mxx/maxaxik_arm"},
        { "predicate": { "damaged": 0, "damage": 0.0012812299807815502}, "model": "mxx/nusiq_arm"},
        { "predicate": { "damaged": 0, "damage": 0.0019218449711723255}, "model": "mxx/pszemo_arm"},
        { "predicate": { "damaged": 0, "damage": 0.0025624599615631004}, "model": "mxx/wrimpl_arm"}
    ]
}