{
    "parent": "item/handheld",
    "textures": {
        "layer0": "items/diamond_shovel"
    },
    "overrides": [
        { "predicate": { "damaged": 0, "damage": 0.0006406149903907751}, "model": "elements/air"},
        { "predicate": { "damaged": 0, "damage": 0.0012812299807815502}, "model": "elements/dark_magic"},
        { "predicate": { "damaged": 0, "damage": 0.0019218449711723255}, "model": "elements/defensive"},
        { "predicate": { "damaged": 0, "damage": 0.0025624599615631004}, "model": "elements/easter_egg"},
        { "predicate": { "damaged": 0, "damage": 0.0032030749519538757}, "model": "elements/electric"},
        { "predicate": { "damaged": 0, "damage": 0.003843689942344651}, "model": "elements/explosives"},
        { "predicate": { "damaged": 0, "damage": 0.004484304932735426}, "model": "elements/fire"},
        { "predicate": { "damaged": 0, "damage": 0.005124919923126201}, "model": "elements/ice"},
        { "predicate": { "damaged": 0, "damage": 0.005765534913516977}, "model": "elements/laser"},
        { "predicate": { "damaged": 0, "damage": 0.0064061499039077515}, "model": "elements/summoning"},
        { "predicate": { "damaged": 0, "damage": 0.007046764894298526}, "model": "elements/teleportation"},
        { "predicate": { "damaged": 0, "damage": 0.007687379884689302}, "model": "elements/water"}
    ]
}
