{
    "parent": "item/handheld",
    "textures": {
        "layer0": "items/none"
    },
     "display": {
        "ground": {
            "rotation": [ 0, 0, 0 ],
            "translation": [ 0, 2, 0],
             "scale":[ 0, 0, 0 ]
        },
        "head": {
            "rotation": [ 0, 180, 0 ],
            "translation": [ 0, 13, 7],
            "scale":[ 0, 0, 0 ]
        },
        "thirdperson_righthand": {
            "rotation": [ 0, 0, 0 ],
            "translation": [ 0, 3, 1 ],
            "scale": [ 0, 0, 0 ]
        },
        "firstperson_righthand": {
            "rotation": [ 0, -15, 5 ],
            "translation": [ -1, 5.2, 0],
            "scale": [ 0, 0, 0 ]
        }
    }
}