{
    "parent": "item/handheld",
    "textures": {
        "layer0": "items/wav"
    },
     "display": {
        "ground": {
            "rotation": [ 0, 0, 0 ],
            "translation": [ 0, 2, 0],
             "scale":[ 0.5, 0.5, 0.5 ]
        },
        "head": {
            "rotation": [ 0, 180, 0 ],
            "translation": [ 0, 13, 7],
            "scale":[ 1, 1, 1]
        },
        "thirdperson_righthand": {
            "rotation": [ 0, 0, 0 ],
            "translation": [ 0, 3, 1 ],
            "scale": [ 0, 0, 0 ]
        },
        "firstperson_righthand": {
            "rotation": [ 0, -15, 5 ],
            "translation": [ -1, 5.2, 0],
            "scale": [ 0.5, 0.5, 0.5 ]
        },
        "thirdperson_lefthand": {
            "rotation": [ 0, 0, 0 ],
            "translation": [ 0, 3, 1 ],
            "scale": [ 0, 0, 0 ]
        },
        "firstperson_lefthand": {
            "rotation": [ 0, -15, 5 ],
            "translation": [ 1.5, 3.2, 0],
            "scale": [ 0.3, 0.3, 0.3 ]
        }
    }
}