{
    "__comment": "Model generated using MrCrayfish's Model Creator (http://mrcrayfish.com/modelcreator/)",
    "textures": {
        "0": "blocks/custom/planet/c0",
        "1": "blocks/lootbox",
        "particle": "blocks/custom/planet/c0"
    },
    "elements": [
        {
            "name": "Cube",
            "from": [ 0.0, 0.0, 0.0 ], 
            "to": [ 16.0, 16.0, 16.0 ], 
            "faces": {
                "north": { "texture": "#0", "uv": [ 0.0, 0.0, 16.0, 16.0 ] },
                "east": { "texture": "#0", "uv": [ 0.0, 0.0, 16.0, 16.0 ] },
                "south": { "texture": "#0", "uv": [ 0.0, 0.0, 16.0, 16.0 ] },
                "west": { "texture": "#0", "uv": [ 0.0, 0.0, 16.0, 16.0 ] },
                "up": { "texture": "#0", "uv": [ 0.0, 0.0, 16.0, 16.0 ] },
                "down": { "texture": "#0", "uv": [ 0.0, 0.0, 16.0, 16.0 ] }
            }
        },
        {
            "name": "Cube",
            "from": [ 3.0, 15.099999986588955, 3.0 ], 
            "to": [ 13.0, 16.099999986588955, 13.0 ], 
            "faces": {
                "north": { "texture": "#1", "uv": [ 3.0, 3.0, 13.0, 4.0 ] },
                "east": { "texture": "#1", "uv": [ 3.0, 12.0, 13.0, 13.0 ] },
                "south": { "texture": "#1", "uv": [ 3.0, 3.0, 13.0, 4.0 ] },
                "west": { "texture": "#1", "uv": [ 3.0, 12.0, 13.0, 13.0 ] },
                "up": { "texture": "#1", "uv": [ 3.0, 3.0, 13.0, 13.0 ] },
                "down": { "texture": "#1", "uv": [ 3.0, 3.0, 13.0, 13.0 ] }
            }
        },
        {
            "name": "Cube",
            "from": [ 3.0, 24.099999986588955, 3.0 ], 
            "to": [ 13.0, 25.099999986588955, 13.0 ], 
            "faces": {
                "north": { "texture": "#1", "uv": [ 3.0, 3.0, 13.0, 4.0 ] },
                "east": { "texture": "#1", "uv": [ 3.0, 12.0, 13.0, 13.0 ] },
                "south": { "texture": "#1", "uv": [ 3.0, 3.0, 13.0, 4.0 ] },
                "west": { "texture": "#1", "uv": [ 3.0, 12.0, 13.0, 13.0 ] },
                "up": { "texture": "#1", "uv": [ 3.0, 3.0, 13.0, 13.0 ] },
                "down": { "texture": "#1", "uv": [ 3.0, 3.0, 13.0, 13.0 ] }
            }
        },
        {
            "name": "Cube",
            "from": [ 11.0, 16.099999986588955, 4.0 ], 
            "to": [ 12.0, 24.099999986588955, 5.0 ], 
            "faces": {
                "north": { "texture": "#1", "uv": [ 0.0, 7.0, 1.0, 15.0 ] },
                "east": { "texture": "#1", "uv": [ 2.0, 0.0, 3.0, 8.0 ] },
                "south": { "texture": "#1", "uv": [ 0.0, 7.0, 1.0, 15.0 ] },
                "west": { "texture": "#1", "uv": [ 1.0, 4.0, 2.0, 12.0 ] },
                "up": { "texture": "#1", "uv": [ 0.0, 14.0, 1.0, 15.0 ] },
                "down": { "texture": "#1", "uv": [ 2.0, 8.0, 3.0, 9.0 ] }
            }
        },
        {
            "name": "Cube",
            "from": [ 4.0, 16.099999986588955, 4.0 ], 
            "to": [ 5.0, 24.099999986588955, 5.0 ], 
            "faces": {
                "north": { "texture": "#1", "uv": [ 0.0, 8.0, 1.0, 16.0 ] },
                "east": { "texture": "#1", "uv": [ 2.0, 1.0, 3.0, 9.0 ] },
                "south": { "texture": "#1", "uv": [ 2.0, 5.0, 3.0, 13.0 ] },
                "west": { "texture": "#1", "uv": [ 2.0, 1.0, 3.0, 9.0 ] },
                "up": { "texture": "#1", "uv": [ 2.0, 11.0, 3.0, 12.0 ] },
                "down": { "texture": "#1", "uv": [ 0.0, 9.0, 1.0, 10.0 ] }
            }
        },
        {
            "name": "Cube",
            "from": [ 4.0, 16.099999986588955, 11.0 ], 
            "to": [ 5.0, 24.099999986588955, 12.0 ], 
            "faces": {
                "north": { "texture": "#1", "uv": [ 0.0, 1.0, 1.0, 9.0 ] },
                "east": { "texture": "#1", "uv": [ 1.0, 3.0, 2.0, 11.0 ] },
                "south": { "texture": "#1", "uv": [ 2.0, 5.0, 3.0, 13.0 ] },
                "west": { "texture": "#1", "uv": [ 1.0, 7.0, 2.0, 15.0 ] },
                "up": { "texture": "#1", "uv": [ 0.0, 10.0, 1.0, 11.0 ] },
                "down": { "texture": "#1", "uv": [ 1.0, 7.0, 2.0, 8.0 ] }
            }
        },
        {
            "name": "Cube",
            "from": [ 11.0, 16.099999986588955, 11.0 ], 
            "to": [ 12.0, 24.099999986588955, 12.0 ], 
            "faces": {
                "north": { "texture": "#1", "uv": [ 0.0, 7.0, 1.0, 15.0 ] },
                "east": { "texture": "#1", "uv": [ 1.0, 1.0, 2.0, 9.0 ] },
                "south": { "texture": "#1", "uv": [ 2.0, 6.0, 3.0, 14.0 ] },
                "west": { "texture": "#1", "uv": [ 0.0, 8.0, 1.0, 16.0 ] },
                "up": { "texture": "#1", "uv": [ 1.0, 9.0, 2.0, 10.0 ] },
                "down": { "texture": "#1", "uv": [ 1.0, 9.0, 2.0, 10.0 ] }
            }
        },
        {
            "name": "Cube",
            "from": [ 5.0, 16.0, 5.0 ], 
            "to": [ 11.0, 24.0, 11.0 ], 
            "faces": {
                "north": { "texture": "#1", "uv": [ 13.0, 0.0, 16.0, 16.0 ] },
                "east": { "texture": "#1", "uv": [ 13.0, 0.0, 16.0, 16.0 ] },
                "south": { "texture": "#1", "uv": [ 13.0, 0.0, 16.0, 16.0 ] },
                "west": { "texture": "#1", "uv": [ 13.0, 0.0, 16.0, 16.0 ] },
                "up": { "texture": "#1", "uv": [ 13.0, 0.0, 16.0, 16.0 ] },
                "down": { "texture": "#1", "uv": [ 13.0, 0.0, 16.0, 16.0 ] }
            }
        }
    ]
}