{
	"__comment": "Designed by Ds43m with Cubik Studio - https://cubik.studio",
	"textures": {
		"particle": "blocks/custom/particle_transparent",
		"texture": "blocks/custom/particle_transparent"
	},
	"elements": [
		{
			"__comment": "Cube1",
			"from": [ 7, 6.5, 7.5 ],
			"to": [ 9.5, 9, 10 ],
			"faces": {
				"down": { "uv": [ 7, 6, 9.5, 8.5 ], "texture": "#texture" },
				"up": { "uv": [ 7, 7.5, 9.5, 10 ], "texture": "#texture" },
				"north": { "uv": [ 6.5, 7, 9, 9.5 ], "texture": "#texture" },
				"south": { "uv": [ 7, 7, 9.5, 9.5 ], "texture": "#texture" },
				"west": { "uv": [ 7.5, 7, 10, 9.5 ], "texture": "#texture" },
				"east": { "uv": [ 6, 7, 8.5, 9.5 ], "texture": "#texture" }
			}
		},
		{
			"__comment": "Cube1",
			"from": [ 11, 10, 11 ],
			"to": [ 16, 15, 16 ],
			"faces": {
				"down": { "uv": [ 11, 0, 16, 5 ], "texture": "#texture" },
				"up": { "uv": [ 11, 11, 16, 16 ], "texture": "#texture" },
				"north": { "uv": [ 0, 1, 5, 6 ], "texture": "#texture" },
				"south": { "uv": [ 11, 1, 16, 6 ], "texture": "#texture" },
				"west": { "uv": [ 11, 1, 16, 6 ], "texture": "#texture" },
				"east": { "uv": [ 0, 1, 5, 6 ], "texture": "#texture" }
			}
		},
		{
			"__comment": "Cube1",
			"from": [ 1, 10.5, 1.5 ],
			"to": [ 6, 15.5, 6.5 ],
			"rotation": { "origin": [ 1, 10.5, 1.5 ], "axis": "y", "angle": 0 },
			"faces": {
				"down": { "uv": [ 1.5, 9.5, 6.5, 14.5 ], "texture": "#texture" },
				"up": { "uv": [ 1.5, 1.5, 6.5, 6.5 ], "texture": "#texture" },
				"north": { "uv": [ 9.5, 1, 14.5, 6 ], "texture": "#texture" },
				"south": { "uv": [ 1.5, 1, 6.5, 6 ], "texture": "#texture" },
				"west": { "uv": [ 1.5, 1, 6.5, 6 ], "texture": "#texture" },
				"east": { "uv": [ 9.5, 1, 14.5, 6 ], "texture": "#texture" }
			}
		},
		{
			"__comment": "Cube1",
			"from": [ 2, 10, 9.5 ],
			"to": [ 6.5, 14.5, 14 ],
			"faces": {
				"down": { "uv": [ 2, 2, 6.5, 6.5 ], "texture": "#texture" },
				"up": { "uv": [ 2, 9.5, 6.5, 14 ], "texture": "#texture" },
				"north": { "uv": [ 9.5, 1.5, 14, 6 ], "texture": "#texture" },
				"south": { "uv": [ 2, 1.5, 6.5, 6 ], "texture": "#texture" },
				"west": { "uv": [ 9.5, 1.5, 14, 6 ], "texture": "#texture" },
				"east": { "uv": [ 2, 1.5, 6.5, 6 ], "texture": "#texture" }
			}
		},
		{
			"__comment": "Cube1",
			"from": [ 9.5, 1, 11.5 ],
			"to": [ 13, 4.5, 15 ],
			"faces": {
				"down": { "uv": [ 9.5, 1, 13, 4.5 ], "texture": "#texture" },
				"up": { "uv": [ 9.5, 11.5, 13, 15 ], "texture": "#texture" },
				"north": { "uv": [ 3, 11.5, 6.5, 15 ], "texture": "#texture" },
				"south": { "uv": [ 9.5, 11.5, 13, 15 ], "texture": "#texture" },
				"west": { "uv": [ 11.5, 11.5, 15, 15 ], "texture": "#texture" },
				"east": { "uv": [ 1, 11.5, 4.5, 15 ], "texture": "#texture" }
			}
		},
		{
			"__comment": "Cube1",
			"from": [ 1, 1, 0 ],
			"to": [ 6, 6, 5 ],
			"faces": {
				"down": { "uv": [ 1, 11, 6, 16 ], "texture": "#texture" },
				"up": { "uv": [ 1, 0, 6, 5 ], "texture": "#texture" },
				"north": { "uv": [ 10, 10, 15, 15 ], "texture": "#texture" },
				"south": { "uv": [ 1, 10, 6, 15 ], "texture": "#texture" },
				"west": { "uv": [ 0, 10, 5, 15 ], "texture": "#texture" },
				"east": { "uv": [ 11, 10, 16, 15 ], "texture": "#texture" }
			}
		},
		{
			"__comment": "Cube1",
			"from": [ 10, 10, 2 ],
			"to": [ 14, 14, 6 ],
			"faces": {
				"down": { "uv": [ 10, 10, 14, 14 ], "texture": "#texture" },
				"up": { "uv": [ 10, 2, 14, 6 ], "texture": "#texture" },
				"north": { "uv": [ 2, 2, 6, 6 ], "texture": "#texture" },
				"south": { "uv": [ 10, 2, 14, 6 ], "texture": "#texture" },
				"west": { "uv": [ 2, 2, 6, 6 ], "texture": "#texture" },
				"east": { "uv": [ 10, 2, 14, 6 ], "texture": "#texture" }
			}
		},
		{
			"__comment": "Cube1",
			"from": [ 12.5, 1, 0 ],
			"to": [ 16.5, 5, 4 ],
			"faces": {
				"down": { "uv": [ 12.5, 12, 16, 16 ], "texture": "#texture" },
				"up": { "uv": [ 12.5, 0, 16, 4 ], "texture": "#texture" },
				"north": { "uv": [ 0, 11, 3.5, 15 ], "texture": "#texture" },
				"south": { "uv": [ 12.5, 11, 16, 15 ], "texture": "#texture" },
				"west": { "uv": [ 0, 11, 4, 15 ], "texture": "#texture" },
				"east": { "uv": [ 12, 11, 16, 15 ], "texture": "#texture" }
			}
		},
		{
			"__comment": "Cube1",
			"from": [ 2, 1, 10.5 ],
			"to": [ 6, 5, 14.5 ],
			"faces": {
				"down": { "uv": [ 2, 1.5, 6, 5.5 ], "texture": "#texture" },
				"up": { "uv": [ 2, 10.5, 6, 14.5 ], "texture": "#texture" },
				"north": { "uv": [ 10, 11, 14, 15 ], "texture": "#texture" },
				"south": { "uv": [ 2, 11, 6, 15 ], "texture": "#texture" },
				"west": { "uv": [ 10.5, 11, 14.5, 15 ], "texture": "#texture" },
				"east": { "uv": [ 1.5, 11, 5.5, 15 ], "texture": "#texture" }
			}
		}
	]
}