{
    "__comment": "Model generated using MrCrayfish's Model Creator (http://mrcrayfish.com/modelcreator/)",
    "display": {
        "gui": {
        "rotation": [ 180, 0, 0 ],
        "translation": [ 0, 0, 0 ],
        "scale": [ 0.6, 0.6, 0.6 ]
}
},
    "textures": {
        "0": "blocks/helmet"
    },
    "elements": [
        {
            "name": "Cube",
            "from": [ 0.0, 0.0, 0.0 ], 
            "to": [ 16.0, 16.0, 16.0 ], 
            "faces": {
                "north": { "texture": "#0", "uv": [ 4.0, 12.0, 8.0, 16.0 ] },
                "east": { "texture": "#0", "uv": [ 0.0, 12.0, 4.0, 16.0 ] },
                "south": { "texture": "#0", "uv": [ 12.0, 12.0, 16.0, 16.0 ] },
                "west": { "texture": "#0", "uv": [ 8.0, 12.0, 12.0, 16.0 ] },
                "up": { "texture": "#0", "uv": [ 4.0, 8.0, 8.0, 12.0 ] },
                "down": { "texture": "#0", "uv": [ 8.0, 8.0, 12.0, 12.0 ] }
            }
        }
    ]
}