{
    "__comment": "Model generated using MrCrayfish's Model Creator (http://mrcrayfish.com/modelcreator/)",
    "display": {
        "thirdperson_righthand": {
        "rotation": [ 0, 0, 0 ],
        "translation": [ 0, 2, -8 ],
        "scale": [ 2, 2, 2 ]
},
        "thirdperson_lefthand": {
        "rotation": [ 0, 0, 0 ],
        "translation": [ 0, 2, -8 ],
        "scale": [ 2, 2, 2 ]
},
        "firstperson_righthand": {
        "rotation": [ 45, 20, 0 ],
        "translation": [ 0, 2, -8 ],
        "scale": [ 2, 2, 2 ]
},
        "firstperson_lefthand": {
        "rotation": [ 45, 20, 0 ],
        "translation": [ 0, 2, -8 ],
        "scale": [ 2, 2, 2 ]
},
        "gui": {
        "rotation": [ 90, 90, -90 ],
        "translation": [ 0, 0, 0 ],
        "scale": [ 1, 1, 1 ]
}
},

    "textures": {
        "0": "items/bow"
    },
    "elements": [
        {
            "name": "Cube",
            "from": [ 7.499999992549419, 6.0, -2.0 ], 
            "to": [ 8.49999999254942, 7.0, 8.0 ], 
            "faces": {
                "north": { "texture": "#0", "uv": [ 0.0, 0.0, 1.0, 1.0 ] },
                "east": { "texture": "#0", "uv": [ 0.0, 0.0, 10.0, 1.0 ] },
                "south": { "texture": "#0", "uv": [ 0.0, 0.0, 1.0, 1.0 ] },
                "west": { "texture": "#0", "uv": [ 0.0, 0.0, 10.0, 1.0 ] },
                "up": { "texture": "#0", "uv": [ 0.0, 0.0, 11.0, 1.0 ], "rotation": 90 },
                "down": { "texture": "#0", "uv": [ 0.0, 0.0, 11.0, 1.0 ], "rotation": 90 }
            }
        },
        {
            "name": "Cube",
            "from": [ 7.499999992549419, 8.0, -2.0 ], 
            "to": [ 8.49999999254942, 9.0, 8.0 ], 
            "faces": {
                "north": { "texture": "#0", "uv": [ 0.0, 0.0, 1.0, 1.0 ] },
                "east": { "texture": "#0", "uv": [ 0.0, 0.0, 10.0, 1.0 ] },
                "south": { "texture": "#0", "uv": [ 0.0, 0.0, 1.0, 1.0 ] },
                "west": { "texture": "#0", "uv": [ 0.0, 0.0, 10.0, 1.0 ] },
                "up": { "texture": "#0", "uv": [ 0.0, 0.0, 10.0, 1.0 ], "rotation": 90 },
                "down": { "texture": "#0", "uv": [ 0.0, 0.0, 10.0, 1.0 ], "rotation": 90 }
            }
        },
        {
            "name": "Cube",
            "from": [ 7.500000007450581, 5.699999995529652, 8.0 ], 
            "to": [ 8.50000000745058, 8.699999995529652, 11.0 ], 
            "faces": {
                "north": { "texture": "#0", "uv": [ 8.0, 13.0, 9.0, 16.0 ] },
                "east": { "texture": "#0", "uv": [ 6.0, 13.0, 9.0, 16.0 ] },
                "south": { "texture": "#0", "uv": [ 8.0, 13.0, 9.0, 16.0 ] },
                "west": { "texture": "#0", "uv": [ 6.0, 13.0, 9.0, 16.0 ] },
                "up": { "texture": "#0", "uv": [ 8.0, 13.0, 9.0, 16.0 ] },
                "down": { "texture": "#0", "uv": [ 8.0, 13.0, 9.0, 16.0 ] }
            }
        },
        {
            "name": "Cube",
            "from": [ 7.0, 7.699999995529652, 11.0 ], 
            "to": [ 8.0, 8.299999989569187, 14.0 ], 
            "faces": {
                "north": { "texture": "#0", "uv": [ 0.0, 0.0, 1.0, 0.5999999940395355 ] },
                "east": { "texture": "#0", "uv": [ 0.0, 0.0, 3.0, 0.5999999940395355 ] },
                "south": { "texture": "#0", "uv": [ 0.0, 0.0, 1.0, 0.5999999940395355 ] },
                "west": { "texture": "#0", "uv": [ 0.0, 0.0, 3.0, 0.5999999940395355 ] },
                "up": { "texture": "#0", "uv": [ 0.0, 0.0, 1.0, 3.0 ] },
                "down": { "texture": "#0", "uv": [ 0.0, 0.0, 1.0, 3.0 ] }
            }
        },
        {
            "name": "Cube",
            "from": [ 6.500000007450581, 8.300000004470348, 11.0 ], 
            "to": [ 8.50000000745058, 10.300000004470348, 14.0 ], 
            "faces": {
                "north": { "texture": "#0", "uv": [ 14.0, 12.0, 16.0, 14.0 ] },
                "east": { "texture": "#0", "uv": [ 11.0, 10.0, 14.0, 12.0 ] },
                "south": { "texture": "#0", "uv": [ 14.0, 12.0, 16.0, 14.0 ] },
                "west": { "texture": "#0", "uv": [ 11.0, 10.0, 14.0, 12.0 ] },
                "up": { "texture": "#0", "uv": [ 12.0, 10.0, 14.0, 13.0 ] },
                "down": { "texture": "#0", "uv": [ 12.0, 10.0, 14.0, 13.0 ] }
            }
        },
        {
            "name": "Cube",
            "from": [ 7.600000008940697, 2.6999999955296516, 9.0 ], 
            "to": [ 8.400000005960464, 5.699999995529652, 10.0 ], 
            "rotation": { "origin": [ 8.0, 8.0, 8.0 ], "axis": "x", "angle": -22.5 },
            "faces": {
                "north": { "texture": "#0", "uv": [ 15.0, 11.0, 15.799999997019768, 12.0 ] },
                "east": { "texture": "#0", "uv": [ 15.0, 10.0, 16.0, 11.0 ] },
                "south": { "texture": "#0", "uv": [ 15.0, 10.0, 15.799999997019768, 11.0 ] },
                "west": { "texture": "#0", "uv": [ 15.0, 10.0, 10.0, 8.0 ] },
                "up": { "texture": "#0", "uv": [ 15.0, 10.0, 15.799999997019768, 11.0 ] },
                "down": { "texture": "#0", "uv": [ 15.0, 10.0, 15.799999997019768, 11.0 ] }
            }
        },
        {
            "name": "Cube",
            "from": [ 7.500000007450581, 3.5000000074505806, 11.0 ], 
            "to": [ 8.50000000745058, 5.500000007450581, 15.0 ], 
            "faces": {
                "north": { "texture": "#0", "uv": [ 0.0, 0.0, 1.0, 2.0 ] },
                "east": { "texture": "#0", "uv": [ 0.0, 0.0, 4.0, 2.0 ] },
                "south": { "texture": "#0", "uv": [ 0.0, 0.0, 1.0, 2.0 ] },
                "west": { "texture": "#0", "uv": [ 0.0, 0.0, 4.0, 2.0 ] },
                "up": { "texture": "#0", "uv": [ 0.0, 0.0, 1.0, 1.0 ] },
                "down": { "texture": "#0", "uv": [ 0.0, 0.0, 1.0, 1.0 ] }
            }
        },
        {
            "name": "Cube",
            "from": [ 7.500000007450581, 3.000000014901161, 12.49999999254942 ], 
            "to": [ 8.50000000745058, 5.000000014901161, 13.49999999254942 ], 
            "rotation": { "origin": [ 8.0, 8.0, 8.0 ], "axis": "x", "angle": -22.5 },
            "faces": {
                "north": { "texture": "#0", "uv": [ 0.0, 1.0, 1.0, 3.0 ] },
                "east": { "texture": "#0", "uv": [ 0.0, 1.0, 1.0, 3.0 ] },
                "south": { "texture": "#0", "uv": [ 0.0, 1.0, 1.0, 3.0 ] },
                "west": { "texture": "#0", "uv": [ 0.0, 1.0, 1.0, 3.0 ] },
                "up": { "texture": "#0", "uv": [ 0.0, 1.0, 1.0, 2.0 ] },
                "down": { "texture": "#0", "uv": [ 0.0, 0.0, 1.0, 1.0 ] }
            }
        },
        {
            "name": "Cube",
            "from": [ 7.500000007450581, 3.2000000178813934, 14.0 ], 
            "to": [ 8.50000000745058, 3.5000000074505806, 15.0 ], 
            "faces": {
                "north": { "texture": "#0", "uv": [ 0.0, 0.0, 1.0, 0.29999998956918716 ] },
                "east": { "texture": "#0", "uv": [ 0.0, 0.0, 1.0, 0.29999998956918716 ] },
                "south": { "texture": "#0", "uv": [ 0.0, 0.0, 1.0, 0.29999998956918716 ] },
                "west": { "texture": "#0", "uv": [ 0.0, 0.0, 1.0, 0.29999998956918716 ] },
                "up": { "texture": "#0", "uv": [ 0.0, 0.0, 1.0, 1.0 ] },
                "down": { "texture": "#0", "uv": [ 0.0, 0.0, 1.0, 1.0 ] }
            }
        },
        {
            "name": "Cube",
            "from": [ 7.700000010430813, 2.5000000074505806, 12.200000002980232 ], 
            "to": [ 8.300000004470348, 3.5000000074505806, 12.799999997019768 ], 
            "faces": {
                "north": { "texture": "#0", "uv": [ 15.0, 10.0, 15.599999994039536, 11.0 ] },
                "east": { "texture": "#0", "uv": [ 15.0, 10.0, 15.599999994039536, 11.0 ] },
                "south": { "texture": "#0", "uv": [ 15.0, 10.0, 15.599999994039536, 11.0 ] },
                "west": { "texture": "#0", "uv": [ 15.0, 10.0, 15.599999994039536, 11.0 ] },
                "up": { "texture": "#0", "uv": [ 15.0, 10.0, 15.599999994039536, 10.599999994039536 ] },
                "down": { "texture": "#0", "uv": [ 15.0, 10.0, 15.599999994039536, 10.599999994039536 ] }
            }
        },
        {
            "name": "Cube",
            "from": [ 7.200000002980232, 2.4000000059604645, 10.599999994039536 ], 
            "to": [ 7.699999995529652, 2.899999998509884, 12.599999994039536 ], 
            "faces": {
                "north": { "texture": "#0", "uv": [ 15.0, 11.0, 15.49999999254942, 11.49999999254942 ] },
                "east": { "texture": "#0", "uv": [ 15.0, 11.0, 15.0, 11.49999999254942 ] },
                "south": { "texture": "#0", "uv": [ 15.0, 11.0, 15.49999999254942, 11.49999999254942 ] },
                "west": { "texture": "#0", "uv": [ 15.0, 11.0, 15.0, 11.49999999254942 ] },
                "up": { "texture": "#0", "uv": [ 15.0, 11.0, 15.49999999254942, 11.0 ] },
                "down": { "texture": "#0", "uv": [ 15.0, 11.0, 15.49999999254942, 11.0 ] }
            }
        },
        {
            "name": "Cube",
            "from": [ 7.700000010430813, 2.2000000029802322, 5.900000013411045 ], 
            "to": [ 8.300000004470348, 4.200000002980232, 6.500000007450581 ], 
            "rotation": { "origin": [ 8.0, 8.0, 8.0 ], "axis": "x", "angle": -45.0 },
            "faces": {
                "north": { "texture": "#0", "uv": [ 0.0, 0.0, 0.5999999940395355, 2.0 ] },
                "east": { "texture": "#0", "uv": [ 0.0, 0.0, 0.5999999940395355, 2.0 ] },
                "south": { "texture": "#0", "uv": [ 0.0, 0.0, 0.5999999940395355, 2.0 ] },
                "west": { "texture": "#0", "uv": [ 0.0, 0.0, 0.5999999940395355, 2.0 ] },
                "up": { "texture": "#0", "uv": [ 0.0, 0.0, 0.5999999940395355, 0.5999999940395355 ] },
                "down": { "texture": "#0", "uv": [ 0.0, 0.0, 0.5999999940395355, 0.5999999940395355 ] }
            }
        },
        {
            "name": "Cube",
            "from": [ 7.500000007450581, 4.200000002980232, 5.700000010430813 ], 
            "to": [ 8.50000000745058, 6.200000002980232, 6.700000010430813 ], 
            "rotation": { "origin": [ 8.0, 8.0, 8.0 ], "axis": "x", "angle": -45.0 },
            "faces": {
                "north": { "texture": "#0", "uv": [ 15.0, 10.0, 16.0, 12.0 ] },
                "east": { "texture": "#0", "uv": [ 15.0, 10.0, 16.0, 12.0 ] },
                "south": { "texture": "#0", "uv": [ 15.0, 10.0, 16.0, 12.0 ] },
                "west": { "texture": "#0", "uv": [ 15.0, 10.0, 16.0, 12.0 ] },
                "up": { "texture": "#0", "uv": [ 15.0, 10.0, 16.0, 11.0 ] },
                "down": { "texture": "#0", "uv": [ 15.0, 10.0, 16.0, 11.0 ] }
            }
        },
        {
            "name": "Cube",
            "from": [ 7.500000007450581, 5.100000001490116, 7.600000008940697 ], 
            "to": [ 8.50000000745058, 6.100000001490116, 8.600000008940697 ], 
            "faces": {
                "north": { "texture": "#0", "uv": [ 15.0, 10.0, 16.0, 11.0 ] },
                "east": { "texture": "#0", "uv": [ 15.0, 10.0, 16.0, 11.0 ] },
                "south": { "texture": "#0", "uv": [ 15.0, 10.0, 16.0, 11.0 ] },
                "west": { "texture": "#0", "uv": [ 15.0, 10.0, 16.0, 11.0 ] },
                "up": { "texture": "#0", "uv": [ 15.0, 10.0, 16.0, 11.0 ] },
                "down": { "texture": "#0", "uv": [ 15.0, 10.0, 16.0, 11.0 ] }
            }
        },
        {
            "name": "Cube",
            "from": [ 7.699999995529652, 5.4000000059604645, 3.0 ], 
            "to": [ 8.299999989569187, 6.0, 7.0 ], 
            "faces": {
                "north": { "texture": "#0", "uv": [ 7.0, 14.0, 7.5999999940395355, 14.599999994039536 ] },
                "east": { "texture": "#0", "uv": [ 0.0, 0.0, 4.0, 0.5999999940395355 ] },
                "south": { "texture": "#0", "uv": [ 7.0, 14.0, 7.5999999940395355, 14.599999994039536 ] },
                "west": { "texture": "#0", "uv": [ 0.0, 0.0, 4.0, 0.5999999940395355 ] },
                "up": { "texture": "#0", "uv": [ 0.0, 0.0, 1.5999999940395355, 0.0 ], "rotation": 90 },
                "down": { "texture": "#0", "uv": [ 0.0, 0.0, 1.5999999940395355, 0.0 ], "rotation": 90 }
            }
        },
        {
            "name": "Cube",
            "from": [ 7.499999992549419, 7.0, 1.0 ], 
            "to": [ 8.49999999254942, 8.0, 8.0 ], 
            "faces": {
                "north": { "texture": "#0", "uv": [ 0.0, 0.0, 1.0, 1.0 ] },
                "east": { "texture": "#0", "uv": [ 0.0, 8.0, 7.0, 9.0 ] },
                "south": { "texture": "#0", "uv": [ 0.0, 0.0, 1.0, 1.0 ] },
                "west": { "texture": "#0", "uv": [ 0.0, 8.0, 7.0, 9.0 ] },
                "up": { "texture": "#0", "uv": [ 0.0, 8.0, 1.0, 9.0 ] },
                "down": { "texture": "#0", "uv": [ 0.0, 8.0, 1.0, 9.0 ] }
            }
        },
        {
            "name": "Cube",
            "from": [ 7.300000004470348, 8.299999989569187, 7.5999999940395355 ], 
            "to": [ 7.499999992549419, 10.299999989569187, 7.999999985098839 ], 
            "rotation": { "origin": [ 8.0, 8.0, 8.0 ], "axis": "x", "angle": -22.5 },
            "faces": {
                "north": { "texture": "#0", "uv": [ 15.0, 11.0, 15.199999988079071, 11.0 ] },
                "east": { "texture": "#0", "uv": [ 15.0, 11.0, 15.399999991059303, 11.0 ] },
                "south": { "texture": "#0", "uv": [ 15.0, 11.0, 15.199999988079071, 11.0 ] },
                "west": { "texture": "#0", "uv": [ 15.0, 11.0, 15.399999991059303, 11.0 ] },
                "up": { "texture": "#0", "uv": [ 15.0, 11.0, 15.199999988079071, 11.399999991059303 ] },
                "down": { "texture": "#0", "uv": [ 15.0, 11.0, 15.199999988079071, 11.399999991059303 ] }
            }
        },
        {
            "name": "Cube",
            "from": [ 8.50000000745058, 8.299999989569187, 7.5999999940395355 ], 
            "to": [ 8.699999995529652, 10.299999989569187, 7.999999985098839 ], 
            "rotation": { "origin": [ 8.0, 8.0, 8.0 ], "axis": "x", "angle": -22.5 },
            "faces": {
                "north": { "texture": "#0", "uv": [ 15.0, 11.0, 15.199999988079071, 11.0 ] },
                "east": { "texture": "#0", "uv": [ 15.0, 11.0, 15.399999991059303, 11.0 ] },
                "south": { "texture": "#0", "uv": [ 15.0, 11.0, 15.199999988079071, 11.0 ] },
                "west": { "texture": "#0", "uv": [ 15.0, 11.0, 15.399999991059303, 11.0 ] },
                "up": { "texture": "#0", "uv": [ 15.0, 11.0, 15.199999988079071, 11.399999991059303 ] },
                "down": { "texture": "#0", "uv": [ 15.0, 11.0, 15.199999988079071, 11.399999991059303 ] }
            }
        },
        {
            "name": "Cube",
            "from": [ 7.500000007450581, 9.799999997019768, 7.5999999940395355 ], 
            "to": [ 8.50000000745058, 10.299999989569187, 7.999999985098839 ], 
            "rotation": { "origin": [ 8.0, 8.0, 8.0 ], "axis": "x", "angle": -22.5 },
            "faces": {
                "north": { "texture": "#0", "uv": [ 15.0, 11.0, 15.0, 11.49999999254942 ] },
                "east": { "texture": "#0", "uv": [ 15.0, 11.0, 15.399999991059303, 11.49999999254942 ] },
                "south": { "texture": "#0", "uv": [ 15.0, 11.0, 15.0, 11.49999999254942 ] },
                "west": { "texture": "#0", "uv": [ 15.0, 11.0, 15.399999991059303, 11.49999999254942 ] },
                "up": { "texture": "#0", "uv": [ 15.0, 11.0, 15.0, 11.399999991059303 ] },
                "down": { "texture": "#0", "uv": [ 15.0, 11.0, 15.0, 11.399999991059303 ] }
            }
        },
        {
            "name": "Cube",
            "from": [ 8.300000004470348, 2.4000000059604645, 10.599999994039536 ], 
            "to": [ 8.799999997019768, 2.899999998509884, 12.599999994039536 ], 
            "faces": {
                "north": { "texture": "#0", "uv": [ 15.0, 11.0, 15.49999999254942, 11.49999999254942 ] },
                "east": { "texture": "#0", "uv": [ 15.0, 11.0, 15.0, 11.49999999254942 ] },
                "south": { "texture": "#0", "uv": [ 15.0, 11.0, 15.49999999254942, 11.49999999254942 ] },
                "west": { "texture": "#0", "uv": [ 15.0, 11.0, 15.0, 11.49999999254942 ] },
                "up": { "texture": "#0", "uv": [ 15.0, 11.0, 15.49999999254942, 11.0 ] },
                "down": { "texture": "#0", "uv": [ 15.0, 11.0, 15.49999999254942, 11.0 ] }
            }
        },
        {
            "name": "Cube",
            "from": [ 8.200000017881393, 8.699999995529652, 8.0 ], 
            "to": [ 8.50000000745058, 9.099999986588955, 11.0 ], 
            "faces": {
                "north": { "texture": "#0", "uv": [ 8.0, 14.0, 8.299999989569187, 14.399999991059303 ] },
                "east": { "texture": "#0", "uv": [ 6.0, 13.0, 9.0, 14.0 ] },
                "south": { "texture": "#0", "uv": [ 8.0, 14.0, 8.299999989569187, 14.399999991059303 ] },
                "west": { "texture": "#0", "uv": [ 6.0, 13.0, 9.0, 14.0 ] },
                "up": { "texture": "#0", "uv": [ 8.0, 13.0, 8.299999989569187, 16.0 ] },
                "down": { "texture": "#0", "uv": [ 8.0, 13.0, 8.299999989569187, 16.0 ] }
            }
        },
        {
            "name": "Cube",
            "from": [ 7.500000007450581, 9.099999986588955, 8.0 ], 
            "to": [ 8.50000000745058, 9.19999997317791, 11.0 ], 
            "faces": {
                "north": { "texture": "#0", "uv": [ 8.0, 14.0, 9.0, 14.099999986588955 ] },
                "east": { "texture": "#0", "uv": [ 6.0, 13.0, 9.0, 14.0 ] },
                "south": { "texture": "#0", "uv": [ 8.0, 14.0, 9.0, 14.099999986588955 ] },
                "west": { "texture": "#0", "uv": [ 6.0, 13.0, 9.0, 14.0 ] },
                "up": { "texture": "#0", "uv": [ 8.0, 13.0, 9.0, 16.0 ] },
                "down": { "texture": "#0", "uv": [ 8.0, 13.0, 9.0, 16.0 ] }
            }
        },
        {
            "name": "Cube",
            "from": [ 7.799999997019768, 8.699999995529652, 8.50000000745058 ], 
            "to": [ 8.199999988079071, 9.099999986588955, 10.500000022351742 ], 
            "faces": {
                "north": { "texture": "#0", "uv": [ 15.0, 15.0, 15.399999991059303, 15.399999991059303 ] },
                "east": { "texture": "#0", "uv": [ 12.0, 15.0, 15.000000014901161, 15.399999991059303 ] },
                "south": { "texture": "#0", "uv": [ 13.0, 15.0, 13.399999991059303, 15.399999991059303 ] },
                "west": { "texture": "#0", "uv": [ 12.0, 15.0, 16.00000001490116, 15.399999991059303 ], "rotation": 180 },
                "up": { "texture": "#0", "uv": [ 13.0, 14.0, 15.699999991059302, 15.000000014901161 ], "rotation": 270 },
                "down": { "texture": "#0", "uv": [ 14.0, 15.0, 14.399999991059303, 15.000000014901161 ] }
            }
        }
    ]
}