{
    "__comment": "Model generated using MrCrayfish's Model Creator (http://mrcrayfish.com/modelcreator/)",
    "display": {
        "gui": {
        "rotation": [ 45, 45, 0 ],
        "translation": [ 0, 0, 0 ],
        "scale": [ 1, 1, 1 ]
}
},
"textures": {
        "0": "items/egg",
        "particle": "items/egg"
    },
    "elements": [
        {
            "name": "Cube",
            "from": [ 5.0, 4.0, 5.0 ], 
            "to": [ 11.0, 12.0, 11.0 ], 
            "faces": {
                "north": { "texture": "#0", "uv": [ 7.0, 7.0, 9.0, 9.0 ] },
                "east": { "texture": "#0", "uv": [ 7.0, 7.0, 9.0, 9.0 ] },
                "south": { "texture": "#0", "uv": [ 7.0, 7.0, 9.0, 9.0 ] },
                "west": { "texture": "#0", "uv": [ 7.0, 7.0, 9.0, 9.0 ] },
                "up": { "texture": "#0", "uv": [ 7.0, 7.0, 9.0, 9.0 ] },
                "down": { "texture": "#0", "uv": [ 7.0, 7.0, 9.0, 9.0 ] }
            }
        },
        {
            "name": "Cube",
            "from": [ 5.0, 5.0, 4.0 ], 
            "to": [ 11.0, 11.0, 5.0 ], 
            "faces": {
                "north": { "texture": "#0", "uv": [ 6.0, 6.0, 10.0, 10.0 ] },
                "east": { "texture": "#0", "uv": [ 7.0, 7.0, 9.0, 9.0 ] },
                "south": { "texture": "#0", "uv": [ 7.0, 7.0, 9.0, 9.0 ] },
                "west": { "texture": "#0", "uv": [ 7.0, 7.0, 9.0, 9.0 ] },
                "up": { "texture": "#0", "uv": [ 7.0, 7.0, 9.0, 9.0 ] },
                "down": { "texture": "#0", "uv": [ 7.0, 7.0, 9.0, 9.0 ] }
            }
        },
        {
            "name": "Cube",
            "from": [ 5.0, 5.0, 11.0 ], 
            "to": [ 11.0, 11.0, 12.0 ], 
            "faces": {
                "north": { "texture": "#0", "uv": [ 7.0, 7.0, 9.0, 9.0 ] },
                "east": { "texture": "#0", "uv": [ 7.0, 7.0, 9.0, 9.0 ] },
                "south": { "texture": "#0", "uv": [ 7.0, 7.0, 9.0, 9.0 ] },
                "west": { "texture": "#0", "uv": [ 7.0, 7.0, 9.0, 9.0 ] },
                "up": { "texture": "#0", "uv": [ 7.0, 7.0, 9.0, 9.0 ] },
                "down": { "texture": "#0", "uv": [ 7.0, 7.0, 9.0, 9.0 ] }
            }
        },
        {
            "name": "Cube",
            "from": [ 4.0, 5.0, 5.0 ], 
            "to": [ 5.0, 11.0, 11.0 ], 
            "faces": {
                "north": { "texture": "#0", "uv": [ 7.0, 7.0, 9.0, 9.0 ] },
                "east": { "texture": "#0", "uv": [ 7.0, 7.0, 9.0, 9.0 ] },
                "south": { "texture": "#0", "uv": [ 7.0, 7.0, 9.0, 9.0 ] },
                "west": { "texture": "#0", "uv": [ 7.0, 7.0, 9.0, 9.0 ] },
                "up": { "texture": "#0", "uv": [ 7.0, 7.0, 9.0, 9.0 ] },
                "down": { "texture": "#0", "uv": [ 7.0, 7.0, 9.0, 9.0 ] }
            }
        },
        {
            "name": "Cube",
            "from": [ 11.0, 5.0, 5.0 ], 
            "to": [ 12.0, 11.0, 11.0 ], 
            "faces": {
                "north": { "texture": "#0", "uv": [ 7.0, 7.0, 9.0, 9.0 ] },
                "east": { "texture": "#0", "uv": [ 7.0, 7.0, 9.0, 9.0 ] },
                "south": { "texture": "#0", "uv": [ 7.0, 7.0, 9.0, 9.0 ] },
                "west": { "texture": "#0", "uv": [ 7.0, 7.0, 9.0, 9.0 ] },
                "up": { "texture": "#0", "uv": [ 7.0, 7.0, 9.0, 9.0 ] },
                "down": { "texture": "#0", "uv": [ 7.0, 7.0, 9.0, 9.0 ] }
            }
        }
    ]
}