{
    "__comment": "Model generated using MrCrayfish's Model Creator (http://mrcrayfish.com/modelcreator/)",
    "display": {
        "thirdperson_righthand": {
        "rotation": [ 0, 0, 0 ],
        "translation": [ 0, 10, 2 ],
        "scale": [ 2, 2, 2 ]
},
        "thirdperson_lefthand": {
        "rotation": [ 0, 0, 0 ],
        "translation": [ 0, 10, 2 ],
        "scale": [ 2, 2, 2 ]
},
        "firstperson_righthand": {
        "rotation": [ 0, 0, 0 ],
        "translation": [ 0, 5, 0 ],
        "scale": [ 2, 2, 2 ]
},
        "firstperson_lefthand": {
        "rotation": [ 0, 0, 0 ],
        "translation": [ 0, 5, 0 ],
        "scale": [ 2, 2, 2 ]
},
        "gui": {
        "rotation": [ 0, 135, 0 ],
        "translation": [ 0, 5, 0 ],
        "scale": [ 1, 1, 1 ]
}
},

    "textures": {
        "0": "items/radar"
    },
    "elements": [
        {
            "name": "Cube",
            "from": [ 7.500000007450581, 0.0, 7.500000007450581 ], 
            "to": [ 8.50000000745058, 6.500000007450581, 8.50000000745058 ], 
            "faces": {
                "north": { "texture": "#0", "uv": [ 0.0, 4.0, 1.0, 10.50000000745058 ] },
                "east": { "texture": "#0", "uv": [ 0.0, 4.0, 1.0, 10.50000000745058 ] },
                "south": { "texture": "#0", "uv": [ 0.0, 4.0, 1.0, 10.50000000745058 ] },
                "west": { "texture": "#0", "uv": [ 0.0, 4.0, 1.0, 10.50000000745058 ] },
                "up": { "texture": "#0", "uv": [ 0.0, 4.0, 1.0, 5.0 ] },
                "down": { "texture": "#0", "uv": [ 0.0, 4.0, 1.0, 5.0 ] }
            }
        },
        {
            "name": "Cube",
            "from": [ 5.0, 3.0, 5.500000022351742 ], 
            "to": [ 11.0, 9.0, 6.500000022351742 ], 
            "faces": {
                "north": { "texture": "#0", "uv": [ 10.0, 0.0, 16.0, 6.0 ] },
                "east": { "texture": "#0", "uv": [ 15.0, 0.0, 16.0, 6.0 ] },
                "south": { "texture": "#0", "uv": [ 10.0, 0.0, 16.0, 6.0 ] },
                "west": { "texture": "#0", "uv": [ 15.0, 0.0, 16.0, 6.0 ] },
                "up": { "texture": "#0", "uv": [ 10.0, 0.0, 16.0, 1.0 ] },
                "down": { "texture": "#0", "uv": [ 10.0, 0.0, 16.0, 1.0 ] }
            }
        },
        {
            "name": "Cube",
            "from": [ 7.499999992549419, 5.500000007450581, 2.5000000074505806 ], 
            "to": [ 8.49999999254942, 6.500000007450581, 7.500000007450581 ], 
            "faces": {
                "north": { "texture": "#0", "uv": [ 0.0, 0.0, 1.0, 1.0 ] },
                "east": { "texture": "#0", "uv": [ 0.0, 0.0, 1.0, 5.0 ], "rotation": 90 },
                "south": { "texture": "#0", "uv": [ 0.0, 0.0, 1.0, 1.0 ] },
                "west": { "texture": "#0", "uv": [ 0.0, 0.0, 1.0, 5.0 ], "rotation": 270 },
                "up": { "texture": "#0", "uv": [ 0.0, 0.0, 1.0, 5.0 ] },
                "down": { "texture": "#0", "uv": [ 0.0, 0.0, 1.0, 5.0 ], "rotation": 180 }
            }
        },
        {
            "name": "Cube",
            "from": [ 5.0, 2.0, 4.500000022351742 ], 
            "to": [ 11.0, 3.0, 5.500000022351742 ], 
            "faces": {
                "north": { "texture": "#0", "uv": [ 0.0, 4.0, 6.0, 5.0 ] },
                "east": { "texture": "#0", "uv": [ 0.0, 4.0, 1.0, 5.0 ] },
                "south": { "texture": "#0", "uv": [ 0.0, 4.0, 6.0, 5.0 ] },
                "west": { "texture": "#0", "uv": [ 0.0, 4.0, 1.0, 5.0 ] },
                "up": { "texture": "#0", "uv": [ 0.0, 4.0, 6.0, 5.0 ] },
                "down": { "texture": "#0", "uv": [ 0.0, 4.0, 6.0, 5.0 ] }
            }
        },
        {
            "name": "Cube",
            "from": [ 4.0, 3.0, 4.500000022351742 ], 
            "to": [ 5.0, 9.0, 5.500000022351742 ], 
            "faces": {
                "north": { "texture": "#0", "uv": [ 1.0, 0.0, 2.0, 6.0 ] },
                "east": { "texture": "#0", "uv": [ 1.0, 0.0, 2.0, 6.0 ] },
                "south": { "texture": "#0", "uv": [ 1.0, 0.0, 2.0, 6.0 ] },
                "west": { "texture": "#0", "uv": [ 1.0, 0.0, 2.0, 6.0 ] },
                "up": { "texture": "#0", "uv": [ 1.0, 0.0, 2.0, 1.0 ] },
                "down": { "texture": "#0", "uv": [ 1.0, 0.0, 2.0, 1.0 ] }
            }
        },
        {
            "name": "Cube",
            "from": [ 11.0, 3.0, 4.500000022351742 ], 
            "to": [ 12.0, 9.0, 5.500000022351742 ], 
            "faces": {
                "north": { "texture": "#0", "uv": [ 1.0, 0.0, 2.0, 6.0 ] },
                "east": { "texture": "#0", "uv": [ 1.0, 0.0, 2.0, 6.0 ] },
                "south": { "texture": "#0", "uv": [ 1.0, 0.0, 2.0, 6.0 ] },
                "west": { "texture": "#0", "uv": [ 1.0, 0.0, 2.0, 6.0 ] },
                "up": { "texture": "#0", "uv": [ 1.0, 0.0, 2.0, 1.0 ] },
                "down": { "texture": "#0", "uv": [ 1.0, 0.0, 2.0, 1.0 ] }
            }
        },
        {
            "name": "Cube",
            "from": [ 5.0, 9.0, 4.500000022351742 ], 
            "to": [ 11.0, 10.0, 5.500000022351742 ], 
            "faces": {
                "north": { "texture": "#0", "uv": [ 0.0, 4.0, 6.0, 5.0 ] },
                "east": { "texture": "#0", "uv": [ 0.0, 4.0, 1.0, 5.0 ] },
                "south": { "texture": "#0", "uv": [ 0.0, 4.0, 6.0, 5.0 ] },
                "west": { "texture": "#0", "uv": [ 0.0, 4.0, 1.0, 5.0 ] },
                "up": { "texture": "#0", "uv": [ 0.0, 4.0, 6.0, 5.0 ] },
                "down": { "texture": "#0", "uv": [ 0.0, 4.0, 6.0, 5.0 ] }
            }
        }
    ]
}