{
    "__comment": "Model generated using MrCrayfish's Model Creator (http://mrcrayfish.com/modelcreator/)",
    "textures": {
        "0": "items/rocket"
    },
    "elements": [
        {
            "name": "Cube",
            "from": [ 5.500000007450581, 2.0, 5.500000007450581 ], 
            "to": [ 10.50000000745058, 12.0, 10.50000000745058 ], 
            "faces": {
                "north": { "texture": "#0", "uv": [ 0.0, 0.0, 5.0, 10.0 ] },
                "east": { "texture": "#0", "uv": [ 0.0, 0.0, 5.0, 10.0 ] },
                "south": { "texture": "#0", "uv": [ 0.0, 0.0, 5.0, 10.0 ] },
                "west": { "texture": "#0", "uv": [ 0.0, 0.0, 5.0, 10.0 ] },
                "up": { "texture": "#0", "uv": [ 0.0, 11.0, 5.0, 16.0 ] },
                "down": { "texture": "#0", "uv": [ 0.0, 11.0, 5.0, 16.0 ] }
            }
        },
        {
            "name": "Cube",
            "from": [ 6.500000007450581, 12.0, 6.500000007450581 ], 
            "to": [ 9.50000000745058, 13.0, 9.50000000745058 ], 
            "faces": {
                "north": { "texture": "#0", "uv": [ 0.0, 1.0, 3.0, 2.0 ] },
                "east": { "texture": "#0", "uv": [ 0.0, 1.0, 3.0, 2.0 ] },
                "south": { "texture": "#0", "uv": [ 0.0, 1.0, 3.0, 2.0 ] },
                "west": { "texture": "#0", "uv": [ 0.0, 1.0, 3.0, 2.0 ] },
                "up": { "texture": "#0", "uv": [ 0.0, 4.0, 3.0, 7.0 ] },
                "down": { "texture": "#0", "uv": [ 0.0, 4.0, 3.0, 7.0 ] }
            }
        },
        {
            "name": "Cube",
            "from": [ 7.500000007450581, 13.0, 7.500000007450581 ], 
            "to": [ 8.50000000745058, 14.0, 8.50000000745058 ], 
            "faces": {
                "north": { "texture": "#0", "uv": [ 0.0, 1.0, 1.0, 2.0 ] },
                "east": { "texture": "#0", "uv": [ 0.0, 1.0, 1.0, 2.0 ] },
                "south": { "texture": "#0", "uv": [ 0.0, 1.0, 1.0, 2.0 ] },
                "west": { "texture": "#0", "uv": [ 0.0, 1.0, 1.0, 2.0 ] },
                "up": { "texture": "#0", "uv": [ 0.0, 1.0, 1.0, 2.0 ] },
                "down": { "texture": "#0", "uv": [ 0.0, 0.0, 1.0, 1.0 ] }
            }
        },
        {
            "name": "Cube",
            "from": [ 6.500000037252903, 1.5000000074505806, 6.000000029802322 ], 
            "to": [ 9.500000022351742, 2.0, 6.500000022351742 ], 
            "faces": {
                "north": { "texture": "#0", "uv": [ 13.0, 15.0, 15.999999985098839, 15.49999999254942 ] },
                "east": { "texture": "#0", "uv": [ 15.0, 15.0, 15.49999999254942, 15.49999999254942 ] },
                "south": { "texture": "#0", "uv": [ 13.0, 15.0, 15.999999985098839, 15.49999999254942 ] },
                "west": { "texture": "#0", "uv": [ 15.0, 15.0, 15.49999999254942, 15.49999999254942 ] },
                "up": { "texture": "#0", "uv": [ 13.0, 15.0, 15.999999985098839, 15.49999999254942 ] },
                "down": { "texture": "#0", "uv": [ 13.0, 15.0, 15.999999985098839, 15.49999999254942 ] }
            }
        },
        {
            "name": "Cube",
            "from": [ 6.500000007450581, 1.5000000074505806, 9.49999999254942 ], 
            "to": [ 9.499999977648258, 2.0, 9.999999985098839 ], 
            "faces": {
                "north": { "texture": "#0", "uv": [ 13.0, 15.0, 15.999999970197678, 15.49999999254942 ] },
                "east": { "texture": "#0", "uv": [ 15.0, 15.0, 15.49999999254942, 15.49999999254942 ] },
                "south": { "texture": "#0", "uv": [ 13.0, 15.0, 15.999999970197678, 15.49999999254942 ] },
                "west": { "texture": "#0", "uv": [ 15.0, 15.0, 15.49999999254942, 15.49999999254942 ] },
                "up": { "texture": "#0", "uv": [ 13.0, 15.0, 15.999999970197678, 15.49999999254942 ] },
                "down": { "texture": "#0", "uv": [ 13.0, 15.0, 15.999999970197678, 15.49999999254942 ] }
            }
        },
        {
            "name": "Cube",
            "from": [ 6.0, 1.5000000074505806, 6.000000014901161 ], 
            "to": [ 6.499999992549419, 2.0, 10.000000014901161 ], 
            "faces": {
                "north": { "texture": "#0", "uv": [ 15.0, 15.0, 15.49999999254942, 15.49999999254942 ] },
                "east": { "texture": "#0", "uv": [ 13.0, 15.0, 16.0, 15.49999999254942 ] },
                "south": { "texture": "#0", "uv": [ 15.0, 15.0, 15.49999999254942, 15.49999999254942 ] },
                "west": { "texture": "#0", "uv": [ 13.0, 15.0, 16.0, 15.49999999254942 ] },
                "up": { "texture": "#0", "uv": [ 15.0, 12.0, 15.49999999254942, 16.0 ] },
                "down": { "texture": "#0", "uv": [ 15.0, 12.0, 15.49999999254942, 16.0 ] }
            }
        },
        {
            "name": "Cube",
            "from": [ 9.499999977648258, 1.5000000074505806, 6.000000014901161 ], 
            "to": [ 9.999999970197678, 2.0, 10.000000014901161 ], 
            "faces": {
                "north": { "texture": "#0", "uv": [ 15.0, 15.0, 15.49999999254942, 15.49999999254942 ] },
                "east": { "texture": "#0", "uv": [ 13.0, 15.0, 16.0, 15.49999999254942 ] },
                "south": { "texture": "#0", "uv": [ 15.0, 15.0, 15.49999999254942, 15.49999999254942 ] },
                "west": { "texture": "#0", "uv": [ 13.0, 15.0, 16.0, 15.49999999254942 ] },
                "up": { "texture": "#0", "uv": [ 15.0, 12.0, 15.49999999254942, 16.0 ] },
                "down": { "texture": "#0", "uv": [ 15.0, 12.0, 15.49999999254942, 16.0 ] }
            }
        },
        {
            "name": "Cube",
            "from": [ 9.49999999254942, 0.0, 6.499999992549419 ], 
            "to": [ 10.49999999254942, 1.5000000074505806, 9.49999999254942 ], 
            "faces": {
                "north": { "texture": "#0", "uv": [ 0.0, 0.0, 1.0, 1.5000000074505806 ] },
                "east": { "texture": "#0", "uv": [ 0.0, 0.0, 3.0, 1.5000000074505806 ] },
                "south": { "texture": "#0", "uv": [ 0.0, 0.0, 1.0, 1.5000000074505806 ] },
                "west": { "texture": "#0", "uv": [ 0.0, 0.0, 3.0, 1.5000000074505806 ] },
                "up": { "texture": "#0", "uv": [ 0.0, 4.0, 1.0, 7.0 ] },
                "down": { "texture": "#0", "uv": [ 0.0, 0.0, 1.0, 3.0 ] }
            }
        },
        {
            "name": "Cube",
            "from": [ 7.900000013411045, 3.0, 10.49999999254942 ], 
            "to": [ 8.100000001490116, 9.0, 11.49999999254942 ], 
            "faces": {
                "north": { "texture": "#0", "uv": [ 15.0, 10.0, 15.199999988079071, 16.0 ] },
                "east": { "texture": "#0", "uv": [ 15.0, 10.0, 16.0, 16.0 ] },
                "south": { "texture": "#0", "uv": [ 15.0, 10.0, 15.199999988079071, 16.0 ] },
                "west": { "texture": "#0", "uv": [ 15.0, 10.0, 16.0, 16.0 ] },
                "up": { "texture": "#0", "uv": [ 15.0, 15.0, 15.199999988079071, 16.0 ] },
                "down": { "texture": "#0", "uv": [ 15.0, 15.0, 15.199999988079071, 16.0 ] }
            }
        },
        {
            "name": "Cube",
            "from": [ 10.49999999254942, 3.0, 7.900000013411045 ], 
            "to": [ 11.49999999254942, 9.0, 8.100000001490116 ], 
            "faces": {
                "north": { "texture": "#0", "uv": [ 15.0, 10.0, 16.0, 16.0 ] },
                "east": { "texture": "#0", "uv": [ 15.0, 10.0, 15.199999988079071, 16.0 ] },
                "south": { "texture": "#0", "uv": [ 15.0, 10.0, 16.0, 16.0 ] },
                "west": { "texture": "#0", "uv": [ 15.0, 10.0, 15.199999988079071, 16.0 ] },
                "up": { "texture": "#0", "uv": [ 15.0, 15.0, 16.0, 15.199999988079071 ] },
                "down": { "texture": "#0", "uv": [ 15.0, 15.0, 16.0, 15.199999988079071 ] }
            }
        },
        {
            "name": "Cube",
            "from": [ 11.49999999254942, 3.0, 7.900000013411045 ], 
            "to": [ 12.49999999254942, 6.0, 8.100000001490116 ], 
            "faces": {
                "north": { "texture": "#0", "uv": [ 15.0, 10.0, 16.0, 13.0 ] },
                "east": { "texture": "#0", "uv": [ 15.0, 10.0, 15.199999988079071, 13.0 ] },
                "south": { "texture": "#0", "uv": [ 15.0, 10.0, 16.0, 13.0 ] },
                "west": { "texture": "#0", "uv": [ 15.0, 10.0, 15.199999988079071, 13.0 ] },
                "up": { "texture": "#0", "uv": [ 15.0, 15.0, 16.0, 15.199999988079071 ] },
                "down": { "texture": "#0", "uv": [ 15.0, 15.0, 16.0, 15.199999988079071 ] }
            }
        },
        {
            "name": "Cube",
            "from": [ 12.49999999254942, 3.0, 7.900000013411045 ], 
            "to": [ 13.49999999254942, 4.0, 8.100000001490116 ], 
            "faces": {
                "north": { "texture": "#0", "uv": [ 15.0, 10.0, 16.0, 11.0 ] },
                "east": { "texture": "#0", "uv": [ 15.0, 10.0, 15.199999988079071, 11.0 ] },
                "south": { "texture": "#0", "uv": [ 15.0, 10.0, 16.0, 11.0 ] },
                "west": { "texture": "#0", "uv": [ 15.0, 10.0, 15.199999988079071, 11.0 ] },
                "up": { "texture": "#0", "uv": [ 15.0, 15.0, 16.0, 15.199999988079071 ] },
                "down": { "texture": "#0", "uv": [ 15.0, 15.0, 16.0, 15.199999988079071 ] }
            }
        },
        {
            "name": "Cube",
            "from": [ 4.499999992549419, 3.0, 7.900000013411045 ], 
            "to": [ 5.499999992549419, 9.0, 8.100000001490116 ], 
            "faces": {
                "north": { "texture": "#0", "uv": [ 15.0, 10.0, 16.0, 16.0 ] },
                "east": { "texture": "#0", "uv": [ 15.0, 10.0, 15.199999988079071, 16.0 ] },
                "south": { "texture": "#0", "uv": [ 15.0, 10.0, 16.0, 16.0 ] },
                "west": { "texture": "#0", "uv": [ 15.0, 10.0, 15.199999988079071, 16.0 ] },
                "up": { "texture": "#0", "uv": [ 15.0, 15.0, 16.0, 15.199999988079071 ] },
                "down": { "texture": "#0", "uv": [ 15.0, 15.0, 16.0, 15.199999988079071 ] }
            }
        },
        {
            "name": "Cube",
            "from": [ 3.4999999925494194, 3.0, 7.900000013411045 ], 
            "to": [ 4.499999992549419, 6.0, 8.100000001490116 ], 
            "faces": {
                "north": { "texture": "#0", "uv": [ 15.0, 10.0, 16.0, 13.0 ] },
                "east": { "texture": "#0", "uv": [ 15.0, 10.0, 15.199999988079071, 13.0 ] },
                "south": { "texture": "#0", "uv": [ 15.0, 10.0, 16.0, 13.0 ] },
                "west": { "texture": "#0", "uv": [ 15.0, 10.0, 15.199999988079071, 13.0 ] },
                "up": { "texture": "#0", "uv": [ 15.0, 15.0, 16.0, 15.199999988079071 ] },
                "down": { "texture": "#0", "uv": [ 15.0, 15.0, 16.0, 15.199999988079071 ] }
            }
        },
        {
            "name": "Cube",
            "from": [ 2.4999999925494194, 3.0, 7.900000013411045 ], 
            "to": [ 3.4999999925494194, 4.0, 8.100000001490116 ], 
            "faces": {
                "north": { "texture": "#0", "uv": [ 15.0, 10.0, 16.0, 11.0 ] },
                "east": { "texture": "#0", "uv": [ 15.0, 10.0, 15.199999988079071, 11.0 ] },
                "south": { "texture": "#0", "uv": [ 15.0, 10.0, 16.0, 11.0 ] },
                "west": { "texture": "#0", "uv": [ 15.0, 10.0, 15.199999988079071, 11.0 ] },
                "up": { "texture": "#0", "uv": [ 15.0, 15.0, 16.0, 15.199999988079071 ] },
                "down": { "texture": "#0", "uv": [ 15.0, 15.0, 16.0, 15.199999988079071 ] }
            }
        },
        {
            "name": "Cube",
            "from": [ 7.900000013411045, 3.0, 11.49999999254942 ], 
            "to": [ 8.100000001490116, 6.0, 12.49999999254942 ], 
            "faces": {
                "north": { "texture": "#0", "uv": [ 15.0, 10.0, 15.199999988079071, 13.0 ] },
                "east": { "texture": "#0", "uv": [ 15.0, 10.0, 16.0, 13.0 ] },
                "south": { "texture": "#0", "uv": [ 15.0, 10.0, 15.199999988079071, 13.0 ] },
                "west": { "texture": "#0", "uv": [ 15.0, 10.0, 16.0, 13.0 ] },
                "up": { "texture": "#0", "uv": [ 15.0, 15.0, 15.199999988079071, 16.0 ] },
                "down": { "texture": "#0", "uv": [ 15.0, 15.0, 15.199999988079071, 16.0 ] }
            }
        },
        {
            "name": "Cube",
            "from": [ 7.900000013411045, 3.0, 12.49999999254942 ], 
            "to": [ 8.100000001490116, 4.0, 13.49999999254942 ], 
            "faces": {
                "north": { "texture": "#0", "uv": [ 15.0, 10.0, 15.199999988079071, 11.0 ] },
                "east": { "texture": "#0", "uv": [ 15.0, 10.0, 16.0, 11.0 ] },
                "south": { "texture": "#0", "uv": [ 15.0, 10.0, 15.199999988079071, 11.0 ] },
                "west": { "texture": "#0", "uv": [ 15.0, 10.0, 16.0, 11.0 ] },
                "up": { "texture": "#0", "uv": [ 15.0, 15.0, 15.199999988079071, 16.0 ] },
                "down": { "texture": "#0", "uv": [ 15.0, 15.0, 15.199999988079071, 16.0 ] }
            }
        },
        {
            "name": "Cube",
            "from": [ 7.900000013411045, 3.0, 4.499999992549419 ], 
            "to": [ 8.100000001490116, 9.0, 5.499999992549419 ], 
            "faces": {
                "north": { "texture": "#0", "uv": [ 15.0, 10.0, 15.199999988079071, 16.0 ] },
                "east": { "texture": "#0", "uv": [ 15.0, 10.0, 16.0, 16.0 ] },
                "south": { "texture": "#0", "uv": [ 15.0, 10.0, 15.199999988079071, 16.0 ] },
                "west": { "texture": "#0", "uv": [ 15.0, 10.0, 16.0, 16.0 ] },
                "up": { "texture": "#0", "uv": [ 15.0, 15.0, 15.199999988079071, 16.0 ] },
                "down": { "texture": "#0", "uv": [ 15.0, 15.0, 15.199999988079071, 16.0 ] }
            }
        },
        {
            "name": "Cube",
            "from": [ 7.900000013411045, 3.0, 3.4999999925494194 ], 
            "to": [ 8.100000001490116, 6.0, 4.499999992549419 ], 
            "faces": {
                "north": { "texture": "#0", "uv": [ 15.0, 10.0, 15.199999988079071, 13.0 ] },
                "east": { "texture": "#0", "uv": [ 15.0, 10.0, 16.0, 13.0 ] },
                "south": { "texture": "#0", "uv": [ 15.0, 10.0, 15.199999988079071, 13.0 ] },
                "west": { "texture": "#0", "uv": [ 15.0, 10.0, 16.0, 13.0 ] },
                "up": { "texture": "#0", "uv": [ 15.0, 15.0, 15.199999988079071, 16.0 ] },
                "down": { "texture": "#0", "uv": [ 15.0, 15.0, 15.199999988079071, 16.0 ] }
            }
        },
        {
            "name": "Cube",
            "from": [ 7.900000013411045, 3.0, 2.4999999925494194 ], 
            "to": [ 8.100000001490116, 4.0, 3.4999999925494194 ], 
            "faces": {
                "north": { "texture": "#0", "uv": [ 15.0, 10.0, 15.199999988079071, 11.0 ] },
                "east": { "texture": "#0", "uv": [ 15.0, 10.0, 16.0, 11.0 ] },
                "south": { "texture": "#0", "uv": [ 15.0, 10.0, 15.199999988079071, 11.0 ] },
                "west": { "texture": "#0", "uv": [ 15.0, 10.0, 16.0, 11.0 ] },
                "up": { "texture": "#0", "uv": [ 15.0, 15.0, 15.199999988079071, 16.0 ] },
                "down": { "texture": "#0", "uv": [ 15.0, 15.0, 15.199999988079071, 16.0 ] }
            }
        },
        {
            "name": "Cube",
            "from": [ 5.499999992549419, 0.0, 6.499999992549419 ], 
            "to": [ 6.499999992549419, 1.5000000074505806, 9.49999999254942 ], 
            "faces": {
                "north": { "texture": "#0", "uv": [ 0.0, 0.0, 1.0, 1.5000000074505806 ] },
                "east": { "texture": "#0", "uv": [ 0.0, 0.0, 3.0, 1.5000000074505806 ] },
                "south": { "texture": "#0", "uv": [ 0.0, 0.0, 1.0, 1.5000000074505806 ] },
                "west": { "texture": "#0", "uv": [ 0.0, 0.0, 3.0, 1.5000000074505806 ] },
                "up": { "texture": "#0", "uv": [ 0.0, 4.0, 1.0, 7.0 ] },
                "down": { "texture": "#0", "uv": [ 0.0, 0.0, 1.0, 3.0 ] }
            }
        },
        {
            "name": "Cube",
            "from": [ 5.499999992549419, 0.0, 5.499999992549419 ], 
            "to": [ 10.49999999254942, 1.5000000074505806, 6.499999992549419 ], 
            "faces": {
                "north": { "texture": "#0", "uv": [ 0.0, 0.0, 5.0, 1.5000000074505806 ] },
                "east": { "texture": "#0", "uv": [ 0.0, 0.0, 1.0, 1.5000000074505806 ] },
                "south": { "texture": "#0", "uv": [ 0.0, 0.0, 5.0, 1.5000000074505806 ] },
                "west": { "texture": "#0", "uv": [ 0.0, 0.0, 1.0, 1.5000000074505806 ] },
                "up": { "texture": "#0", "uv": [ 0.0, 4.0, 5.0, 5.0 ] },
                "down": { "texture": "#0", "uv": [ 0.0, 0.0, 5.0, 1.0 ] }
            }
        },
        {
            "name": "Cube",
            "from": [ 5.499999992549419, 0.0, 9.49999999254942 ], 
            "to": [ 10.49999999254942, 1.5000000074505806, 10.49999999254942 ], 
            "faces": {
                "north": { "texture": "#0", "uv": [ 0.0, 0.0, 5.0, 1.5000000074505806 ] },
                "east": { "texture": "#0", "uv": [ 0.0, 0.0, 1.0, 1.5000000074505806 ] },
                "south": { "texture": "#0", "uv": [ 0.0, 0.0, 5.0, 1.5000000074505806 ] },
                "west": { "texture": "#0", "uv": [ 0.0, 0.0, 1.0, 1.5000000074505806 ] },
                "up": { "texture": "#0", "uv": [ 0.0, 4.0, 5.0, 5.0 ] },
                "down": { "texture": "#0", "uv": [ 0.0, 0.0, 5.0, 1.0 ] }
            }
        }
    ]
}