{
    "__comment": "Model generated using MrCrayfish's Model Creator (http://mrcrayfish.com/modelcreator/)",
    "display": {
        "gui": {
        "rotation": [ 45, 45, 0 ],
        "translation": [ 0, 0, 0 ],
        "scale": [ 1, 1, 1 ]
}
},
"textures": {
        "0": "items/snowball",
        "particle": "items/snowball"
    },
    "elements": [
        {
            "name": "Cube",
            "from": [ 6.0, 6.0, 6.0 ], 
            "to": [ 10.0, 10.0, 10.0 ], 
            "faces": {
                "north": { "texture": "#0", "uv": [ 5.0, 5.0, 11.0, 11.0 ] },
                "east": { "texture": "#0", "uv": [ 5.0, 5.0, 11.0, 11.0 ] },
                "south": { "texture": "#0", "uv": [ 5.0, 5.0, 11.0, 11.0 ] },
                "west": { "texture": "#0", "uv": [ 5.0, 5.0, 11.0, 11.0 ] },
                "up": { "texture": "#0", "uv": [ 5.0, 5.0, 11.0, 11.0 ] },
                "down": { "texture": "#0", "uv": [ 5.0, 5.0, 11.0, 11.0 ] }
            }
        },
        {
            "name": "Cube",
            "from": [ 5.0, 10.0, 5.0 ], 
            "to": [ 11.0, 11.0, 6.0 ], 
            "faces": {
                "north": { "texture": "#0", "uv": [ 5.0, 4.0, 11.0, 5.0 ] },
                "east": { "texture": "#0", "uv": [ 4.0, 4.0, 5.0, 5.0 ] },
                "south": { "texture": "#0", "uv": [ 5.0, 4.0, 11.0, 5.0 ] },
                "west": { "texture": "#0", "uv": [ 4.0, 4.0, 5.0, 5.0 ] },
                "up": { "texture": "#0", "uv": [ 5.0, 4.0, 11.0, 5.0 ] },
                "down": { "texture": "#0", "uv": [ 5.0, 4.0, 11.0, 5.0 ] }
            }
        },
        {
            "name": "Cube",
            "from": [ 5.0, 10.0, 10.0 ], 
            "to": [ 11.0, 11.0, 11.0 ], 
            "faces": {
                "north": { "texture": "#0", "uv": [ 5.0, 12.0, 11.0, 13.0 ] },
                "east": { "texture": "#0", "uv": [ 4.0, 4.0, 5.0, 5.0 ] },
                "south": { "texture": "#0", "uv": [ 5.0, 12.0, 11.0, 13.0 ] },
                "west": { "texture": "#0", "uv": [ 4.0, 4.0, 5.0, 5.0 ] },
                "up": { "texture": "#0", "uv": [ 5.0, 12.0, 11.0, 13.0 ] },
                "down": { "texture": "#0", "uv": [ 5.0, 12.0, 11.0, 13.0 ] }
            }
        },
        {
            "name": "Cube",
            "from": [ 5.0, 10.0, 6.0 ], 
            "to": [ 6.0, 11.0, 10.0 ], 
            "faces": {
                "north": { "texture": "#0", "uv": [ 0.0, 0.0, 1.0, 1.0 ] },
                "east": { "texture": "#0", "uv": [ 0.0, 6.0, 4.0, 7.0 ] },
                "south": { "texture": "#0", "uv": [ 0.0, 0.0, 1.0, 1.0 ] },
                "west": { "texture": "#0", "uv": [ 0.0, 6.0, 4.0, 7.0 ] },
                "up": { "texture": "#0", "uv": [ 1.0, 6.0, 5.0, 7.0 ] },
                "down": { "texture": "#0", "uv": [ 12.0, 10.0, 16.0, 11.0 ] }
            }
        },
        {
            "name": "Cube",
            "from": [ 10.0, 10.0, 6.0 ], 
            "to": [ 11.0, 11.0, 10.0 ], 
            "faces": {
                "north": { "texture": "#0", "uv": [ 0.0, 0.0, 1.0, 1.0 ] },
                "east": { "texture": "#0", "uv": [ 12.0, 6.0, 16.0, 7.0 ] },
                "south": { "texture": "#0", "uv": [ 0.0, 0.0, 1.0, 1.0 ] },
                "west": { "texture": "#0", "uv": [ 12.0, 6.0, 16.0, 7.0 ] },
                "up": { "texture": "#0", "uv": [ 12.0, 6.0, 16.0, 7.0 ] },
                "down": { "texture": "#0", "uv": [ 0.0, 10.0, 4.0, 11.0 ] }
            }
        },
        {
            "name": "Cube",
            "from": [ 5.0, 5.0, 10.0 ], 
            "to": [ 11.0, 6.0, 11.0 ], 
            "faces": {
                "north": { "texture": "#0", "uv": [ 5.0, 12.0, 11.0, 13.0 ] },
                "east": { "texture": "#0", "uv": [ 4.0, 4.0, 5.0, 5.0 ] },
                "south": { "texture": "#0", "uv": [ 5.0, 12.0, 11.0, 13.0 ] },
                "west": { "texture": "#0", "uv": [ 4.0, 4.0, 5.0, 5.0 ] },
                "up": { "texture": "#0", "uv": [ 5.0, 12.0, 11.0, 13.0 ] },
                "down": { "texture": "#0", "uv": [ 5.0, 12.0, 11.0, 13.0 ] }
            }
        },
        {
            "name": "Cube",
            "from": [ 10.0, 5.0, 6.0 ], 
            "to": [ 11.0, 6.0, 10.0 ], 
            "faces": {
                "north": { "texture": "#0", "uv": [ 0.0, 0.0, 1.0, 1.0 ] },
                "east": { "texture": "#0", "uv": [ 12.0, 6.0, 16.0, 7.0 ] },
                "south": { "texture": "#0", "uv": [ 0.0, 0.0, 1.0, 1.0 ] },
                "west": { "texture": "#0", "uv": [ 12.0, 6.0, 16.0, 7.0 ] },
                "up": { "texture": "#0", "uv": [ 12.0, 6.0, 16.0, 7.0 ] },
                "down": { "texture": "#0", "uv": [ 0.0, 10.0, 4.0, 11.0 ] }
            }
        },
        {
            "name": "Cube",
            "from": [ 5.0, 5.0, 5.0 ], 
            "to": [ 11.0, 6.0, 6.0 ], 
            "faces": {
                "north": { "texture": "#0", "uv": [ 5.0, 4.0, 11.0, 5.0 ] },
                "east": { "texture": "#0", "uv": [ 4.0, 4.0, 5.0, 5.0 ] },
                "south": { "texture": "#0", "uv": [ 5.0, 4.0, 11.0, 5.0 ] },
                "west": { "texture": "#0", "uv": [ 4.0, 4.0, 5.0, 5.0 ] },
                "up": { "texture": "#0", "uv": [ 5.0, 4.0, 11.0, 5.0 ] },
                "down": { "texture": "#0", "uv": [ 5.0, 4.0, 11.0, 5.0 ] }
            }
        },
        {
            "name": "Cube",
            "from": [ 5.0, 5.0, 6.0 ], 
            "to": [ 6.0, 6.0, 10.0 ], 
            "faces": {
                "north": { "texture": "#0", "uv": [ 0.0, 0.0, 1.0, 1.0 ] },
                "east": { "texture": "#0", "uv": [ 0.0, 6.0, 4.0, 7.0 ] },
                "south": { "texture": "#0", "uv": [ 0.0, 0.0, 1.0, 1.0 ] },
                "west": { "texture": "#0", "uv": [ 0.0, 6.0, 4.0, 7.0 ] },
                "up": { "texture": "#0", "uv": [ 1.0, 6.0, 5.0, 7.0 ] },
                "down": { "texture": "#0", "uv": [ 12.0, 10.0, 16.0, 11.0 ] }
            }
        },
        {
            "name": "Cube",
            "from": [ 5.0, 6.0, 5.0 ], 
            "to": [ 6.0, 10.0, 6.0 ], 
            "faces": {
                "north": { "texture": "#0", "uv": [ 8.0, 12.0, 12.0, 13.0 ] },
                "east": { "texture": "#0", "uv": [ 1.0, 8.0, 5.0, 9.0 ] },
                "south": { "texture": "#0", "uv": [ 12.0, 2.0, 16.0, 3.0 ] },
                "west": { "texture": "#0", "uv": [ 4.0, 4.0, 8.0, 5.0 ] },
                "up": { "texture": "#0", "uv": [ 0.0, 0.0, 1.0, 1.0 ] },
                "down": { "texture": "#0", "uv": [ 0.0, 0.0, 1.0, 1.0 ] }
            }
        },
        {
            "name": "Cube",
            "from": [ 10.0, 6.0, 5.0 ], 
            "to": [ 11.0, 10.0, 6.0 ], 
            "faces": {
                "north": { "texture": "#0", "uv": [ 8.0, 12.0, 12.0, 13.0 ] },
                "east": { "texture": "#0", "uv": [ 1.0, 8.0, 5.0, 9.0 ] },
                "south": { "texture": "#0", "uv": [ 12.0, 2.0, 16.0, 3.0 ] },
                "west": { "texture": "#0", "uv": [ 4.0, 4.0, 8.0, 5.0 ] },
                "up": { "texture": "#0", "uv": [ 0.0, 0.0, 1.0, 1.0 ] },
                "down": { "texture": "#0", "uv": [ 0.0, 0.0, 1.0, 1.0 ] }
            }
        },
        {
            "name": "Cube",
            "from": [ 10.0, 6.0, 10.0 ], 
            "to": [ 11.0, 10.0, 11.0 ], 
            "faces": {
                "north": { "texture": "#0", "uv": [ 8.0, 12.0, 12.0, 13.0 ] },
                "east": { "texture": "#0", "uv": [ 1.0, 8.0, 5.0, 9.0 ] },
                "south": { "texture": "#0", "uv": [ 12.0, 2.0, 16.0, 3.0 ] },
                "west": { "texture": "#0", "uv": [ 4.0, 4.0, 8.0, 5.0 ] },
                "up": { "texture": "#0", "uv": [ 0.0, 0.0, 1.0, 1.0 ] },
                "down": { "texture": "#0", "uv": [ 0.0, 0.0, 1.0, 1.0 ] }
            }
        },
        {
            "name": "Cube",
            "from": [ 5.0, 6.0, 10.0 ], 
            "to": [ 6.0, 10.0, 11.0 ], 
            "faces": {
                "north": { "texture": "#0", "uv": [ 8.0, 12.0, 12.0, 13.0 ] },
                "east": { "texture": "#0", "uv": [ 1.0, 8.0, 5.0, 9.0 ] },
                "south": { "texture": "#0", "uv": [ 12.0, 2.0, 16.0, 3.0 ] },
                "west": { "texture": "#0", "uv": [ 4.0, 4.0, 8.0, 5.0 ] },
                "up": { "texture": "#0", "uv": [ 0.0, 0.0, 1.0, 1.0 ] },
                "down": { "texture": "#0", "uv": [ 0.0, 0.0, 1.0, 1.0 ] }
            }
        },
        {
            "name": "Cube",
            "from": [ 4.0, 4.0, 4.0 ], 
            "to": [ 12.0, 5.0, 5.0 ], 
            "faces": {
                "north": { "texture": "#0", "uv": [ 0.0, 12.0, 8.0, 13.0 ] },
                "east": { "texture": "#0", "uv": [ 0.0, 0.0, 1.0, 1.0 ] },
                "south": { "texture": "#0", "uv": [ 3.0, 14.0, 11.0, 15.0 ] },
                "west": { "texture": "#0", "uv": [ 0.0, 0.0, 1.0, 1.0 ] },
                "up": { "texture": "#0", "uv": [ 3.0, 12.0, 11.0, 13.0 ] },
                "down": { "texture": "#0", "uv": [ 5.0, 4.0, 13.0, 5.0 ] }
            }
        },
        {
            "name": "Cube",
            "from": [ 4.0, 11.0, 4.0 ], 
            "to": [ 12.0, 12.0, 5.0 ], 
            "faces": {
                "north": { "texture": "#0", "uv": [ 0.0, 12.0, 8.0, 13.0 ] },
                "east": { "texture": "#0", "uv": [ 0.0, 0.0, 1.0, 1.0 ] },
                "south": { "texture": "#0", "uv": [ 3.0, 14.0, 11.0, 15.0 ] },
                "west": { "texture": "#0", "uv": [ 0.0, 0.0, 1.0, 1.0 ] },
                "up": { "texture": "#0", "uv": [ 3.0, 12.0, 11.0, 13.0 ] },
                "down": { "texture": "#0", "uv": [ 5.0, 4.0, 13.0, 5.0 ] }
            }
        },
        {
            "name": "Cube",
            "from": [ 4.0, 11.0, 11.0 ], 
            "to": [ 12.0, 12.0, 12.0 ], 
            "faces": {
                "north": { "texture": "#0", "uv": [ 0.0, 12.0, 8.0, 13.0 ] },
                "east": { "texture": "#0", "uv": [ 0.0, 0.0, 1.0, 1.0 ] },
                "south": { "texture": "#0", "uv": [ 3.0, 14.0, 11.0, 15.0 ] },
                "west": { "texture": "#0", "uv": [ 0.0, 0.0, 1.0, 1.0 ] },
                "up": { "texture": "#0", "uv": [ 3.0, 12.0, 11.0, 13.0 ] },
                "down": { "texture": "#0", "uv": [ 5.0, 4.0, 13.0, 5.0 ] }
            }
        },
        {
            "name": "Cube",
            "from": [ 4.0, 4.0, 11.0 ], 
            "to": [ 12.0, 5.0, 12.0 ], 
            "faces": {
                "north": { "texture": "#0", "uv": [ 0.0, 12.0, 8.0, 13.0 ] },
                "east": { "texture": "#0", "uv": [ 0.0, 0.0, 1.0, 1.0 ] },
                "south": { "texture": "#0", "uv": [ 3.0, 14.0, 11.0, 15.0 ] },
                "west": { "texture": "#0", "uv": [ 0.0, 0.0, 1.0, 1.0 ] },
                "up": { "texture": "#0", "uv": [ 3.0, 12.0, 11.0, 13.0 ] },
                "down": { "texture": "#0", "uv": [ 5.0, 4.0, 13.0, 5.0 ] }
            }
        },
        {
            "name": "Cube",
            "from": [ 4.0, 4.0, 5.0 ], 
            "to": [ 5.0, 5.0, 11.0 ], 
            "faces": {
                "north": { "texture": "#0", "uv": [ 0.0, 12.0, 6.0, 13.0 ] },
                "east": { "texture": "#0", "uv": [ 0.0, 4.0, 6.0, 5.0 ] },
                "south": { "texture": "#0", "uv": [ 3.0, 14.0, 4.0, 15.0 ] },
                "west": { "texture": "#0", "uv": [ 0.0, 0.0, 6.0, 1.0 ] },
                "up": { "texture": "#0", "uv": [ 5.0, 12.0, 11.0, 13.0 ] },
                "down": { "texture": "#0", "uv": [ 5.0, 4.0, 11.0, 5.0 ] }
            }
        },
        {
            "name": "Cube",
            "from": [ 4.0, 11.0, 5.0 ], 
            "to": [ 5.0, 12.0, 11.0 ], 
            "faces": {
                "north": { "texture": "#0", "uv": [ 0.0, 12.0, 6.0, 13.0 ] },
                "east": { "texture": "#0", "uv": [ 0.0, 4.0, 6.0, 5.0 ] },
                "south": { "texture": "#0", "uv": [ 3.0, 14.0, 4.0, 15.0 ] },
                "west": { "texture": "#0", "uv": [ 0.0, 0.0, 6.0, 1.0 ] },
                "up": { "texture": "#0", "uv": [ 5.0, 12.0, 11.0, 13.0 ] },
                "down": { "texture": "#0", "uv": [ 5.0, 4.0, 11.0, 5.0 ] }
            }
        },
        {
            "name": "Cube",
            "from": [ 11.0, 11.0, 5.0 ], 
            "to": [ 12.0, 12.0, 11.0 ], 
            "faces": {
                "north": { "texture": "#0", "uv": [ 0.0, 12.0, 6.0, 13.0 ] },
                "east": { "texture": "#0", "uv": [ 0.0, 4.0, 6.0, 5.0 ] },
                "south": { "texture": "#0", "uv": [ 3.0, 14.0, 4.0, 15.0 ] },
                "west": { "texture": "#0", "uv": [ 0.0, 0.0, 6.0, 1.0 ] },
                "up": { "texture": "#0", "uv": [ 5.0, 12.0, 11.0, 13.0 ] },
                "down": { "texture": "#0", "uv": [ 5.0, 4.0, 11.0, 5.0 ] }
            }
        },
        {
            "name": "Cube",
            "from": [ 11.0, 4.0, 5.0 ], 
            "to": [ 12.0, 5.0, 11.0 ], 
            "faces": {
                "north": { "texture": "#0", "uv": [ 0.0, 12.0, 6.0, 13.0 ] },
                "east": { "texture": "#0", "uv": [ 0.0, 4.0, 6.0, 5.0 ] },
                "south": { "texture": "#0", "uv": [ 3.0, 14.0, 4.0, 15.0 ] },
                "west": { "texture": "#0", "uv": [ 0.0, 0.0, 6.0, 1.0 ] },
                "up": { "texture": "#0", "uv": [ 5.0, 12.0, 11.0, 13.0 ] },
                "down": { "texture": "#0", "uv": [ 5.0, 4.0, 11.0, 5.0 ] }
            }
        },
        {
            "name": "Cube",
            "from": [ 4.0, 5.0, 4.0 ], 
            "to": [ 5.0, 11.0, 5.0 ], 
            "faces": {
                "north": { "texture": "#0", "uv": [ 0.0, 12.0, 6.0, 13.0 ] },
                "east": { "texture": "#0", "uv": [ 0.0, 0.0, 6.0, 1.0 ] },
                "south": { "texture": "#0", "uv": [ 7.0, 12.0, 13.0, 13.0 ] },
                "west": { "texture": "#0", "uv": [ 10.0, 4.0, 16.0, 5.0 ] },
                "up": { "texture": "#0", "uv": [ 3.0, 14.0, 9.0, 15.0 ] },
                "down": { "texture": "#0", "uv": [ 5.0, 4.0, 11.0, 5.0 ] }
            }
        },
        {
            "name": "Cube",
            "from": [ 4.0, 5.0, 11.0 ], 
            "to": [ 5.0, 11.0, 12.0 ], 
            "faces": {
                "north": { "texture": "#0", "uv": [ 0.0, 12.0, 6.0, 13.0 ] },
                "east": { "texture": "#0", "uv": [ 0.0, 0.0, 6.0, 1.0 ] },
                "south": { "texture": "#0", "uv": [ 7.0, 12.0, 13.0, 13.0 ] },
                "west": { "texture": "#0", "uv": [ 10.0, 4.0, 16.0, 5.0 ] },
                "up": { "texture": "#0", "uv": [ 3.0, 14.0, 9.0, 15.0 ] },
                "down": { "texture": "#0", "uv": [ 5.0, 4.0, 11.0, 5.0 ] }
            }
        },
        {
            "name": "Cube",
            "from": [ 11.0, 5.0, 4.0 ], 
            "to": [ 12.0, 11.0, 5.0 ], 
            "faces": {
                "north": { "texture": "#0", "uv": [ 0.0, 12.0, 6.0, 13.0 ] },
                "east": { "texture": "#0", "uv": [ 0.0, 0.0, 6.0, 1.0 ] },
                "south": { "texture": "#0", "uv": [ 7.0, 12.0, 13.0, 13.0 ] },
                "west": { "texture": "#0", "uv": [ 10.0, 4.0, 16.0, 5.0 ] },
                "up": { "texture": "#0", "uv": [ 3.0, 14.0, 9.0, 15.0 ] },
                "down": { "texture": "#0", "uv": [ 5.0, 4.0, 11.0, 5.0 ] }
            }
        },
        {
            "name": "Cube",
            "from": [ 11.0, 5.0, 11.0 ], 
            "to": [ 12.0, 11.0, 12.0 ], 
            "faces": {
                "north": { "texture": "#0", "uv": [ 0.0, 12.0, 6.0, 13.0 ] },
                "east": { "texture": "#0", "uv": [ 0.0, 0.0, 6.0, 1.0 ] },
                "south": { "texture": "#0", "uv": [ 7.0, 12.0, 13.0, 13.0 ] },
                "west": { "texture": "#0", "uv": [ 10.0, 4.0, 16.0, 5.0 ] },
                "up": { "texture": "#0", "uv": [ 3.0, 14.0, 9.0, 15.0 ] },
                "down": { "texture": "#0", "uv": [ 5.0, 4.0, 11.0, 5.0 ] }
            }
        },
        {
            "name": "Cube",
            "from": [ 3.0, 12.0, 3.0 ], 
            "to": [ 13.0, 13.0, 4.0 ], 
            "faces": {
                "north": { "texture": "#0", "uv": [ 0.0, 12.0, 8.0, 13.0 ] },
                "east": { "texture": "#0", "uv": [ 0.0, 0.0, 1.0, 1.0 ] },
                "south": { "texture": "#0", "uv": [ 3.0, 14.0, 13.0, 15.0 ] },
                "west": { "texture": "#0", "uv": [ 0.0, 0.0, 1.0, 1.0 ] },
                "up": { "texture": "#0", "uv": [ 3.0, 12.0, 12.0, 13.0 ] },
                "down": { "texture": "#0", "uv": [ 5.0, 4.0, 14.0, 5.0 ] }
            }
        },
        {
            "name": "Cube",
            "from": [ 3.0, 12.0, 12.0 ], 
            "to": [ 13.0, 13.0, 13.0 ], 
            "faces": {
                "north": { "texture": "#0", "uv": [ 0.0, 12.0, 8.0, 13.0 ] },
                "east": { "texture": "#0", "uv": [ 0.0, 0.0, 1.0, 1.0 ] },
                "south": { "texture": "#0", "uv": [ 3.0, 14.0, 13.0, 15.0 ] },
                "west": { "texture": "#0", "uv": [ 0.0, 0.0, 1.0, 1.0 ] },
                "up": { "texture": "#0", "uv": [ 3.0, 12.0, 12.0, 13.0 ] },
                "down": { "texture": "#0", "uv": [ 5.0, 4.0, 14.0, 5.0 ] }
            }
        },
        {
            "name": "Cube",
            "from": [ 3.0, 3.0, 12.0 ], 
            "to": [ 13.0, 4.0, 13.0 ], 
            "faces": {
                "north": { "texture": "#0", "uv": [ 0.0, 12.0, 8.0, 13.0 ] },
                "east": { "texture": "#0", "uv": [ 0.0, 0.0, 1.0, 1.0 ] },
                "south": { "texture": "#0", "uv": [ 3.0, 14.0, 13.0, 15.0 ] },
                "west": { "texture": "#0", "uv": [ 0.0, 0.0, 1.0, 1.0 ] },
                "up": { "texture": "#0", "uv": [ 3.0, 12.0, 12.0, 13.0 ] },
                "down": { "texture": "#0", "uv": [ 5.0, 4.0, 14.0, 5.0 ] }
            }
        },
        {
            "name": "Cube",
            "from": [ 3.0, 3.0, 3.0 ], 
            "to": [ 13.0, 4.0, 4.0 ], 
            "faces": {
                "north": { "texture": "#0", "uv": [ 0.0, 12.0, 8.0, 13.0 ] },
                "east": { "texture": "#0", "uv": [ 0.0, 0.0, 1.0, 1.0 ] },
                "south": { "texture": "#0", "uv": [ 3.0, 14.0, 13.0, 15.0 ] },
                "west": { "texture": "#0", "uv": [ 0.0, 0.0, 1.0, 1.0 ] },
                "up": { "texture": "#0", "uv": [ 3.0, 12.0, 12.0, 13.0 ] },
                "down": { "texture": "#0", "uv": [ 5.0, 4.0, 14.0, 5.0 ] }
            }
        },
        {
            "name": "Cube",
            "from": [ 12.0, 3.0, 4.0 ], 
            "to": [ 13.0, 4.0, 12.0 ], 
            "faces": {
                "north": { "texture": "#0", "uv": [ 0.0, 12.0, 6.0, 13.0 ] },
                "east": { "texture": "#0", "uv": [ 0.0, 4.0, 8.0, 5.0 ] },
                "south": { "texture": "#0", "uv": [ 3.0, 14.0, 4.0, 15.0 ] },
                "west": { "texture": "#0", "uv": [ 0.0, 0.0, 8.0, 1.0 ] },
                "up": { "texture": "#0", "uv": [ 5.0, 12.0, 11.0, 13.0 ] },
                "down": { "texture": "#0", "uv": [ 5.0, 4.0, 11.0, 5.0 ] }
            }
        },
        {
            "name": "Cube",
            "from": [ 12.0, 12.0, 4.0 ], 
            "to": [ 13.0, 13.0, 12.0 ], 
            "faces": {
                "north": { "texture": "#0", "uv": [ 0.0, 12.0, 6.0, 13.0 ] },
                "east": { "texture": "#0", "uv": [ 0.0, 4.0, 8.0, 5.0 ] },
                "south": { "texture": "#0", "uv": [ 3.0, 14.0, 4.0, 15.0 ] },
                "west": { "texture": "#0", "uv": [ 0.0, 0.0, 8.0, 1.0 ] },
                "up": { "texture": "#0", "uv": [ 5.0, 12.0, 11.0, 13.0 ] },
                "down": { "texture": "#0", "uv": [ 5.0, 4.0, 11.0, 5.0 ] }
            }
        },
        {
            "name": "Cube",
            "from": [ 3.0, 12.0, 4.0 ], 
            "to": [ 4.0, 13.0, 12.0 ], 
            "faces": {
                "north": { "texture": "#0", "uv": [ 0.0, 12.0, 6.0, 13.0 ] },
                "east": { "texture": "#0", "uv": [ 0.0, 4.0, 8.0, 5.0 ] },
                "south": { "texture": "#0", "uv": [ 3.0, 14.0, 4.0, 15.0 ] },
                "west": { "texture": "#0", "uv": [ 0.0, 0.0, 8.0, 1.0 ] },
                "up": { "texture": "#0", "uv": [ 5.0, 12.0, 11.0, 13.0 ] },
                "down": { "texture": "#0", "uv": [ 5.0, 4.0, 11.0, 5.0 ] }
            }
        },
        {
            "name": "Cube",
            "from": [ 3.0, 3.0, 4.0 ], 
            "to": [ 4.0, 4.0, 12.0 ], 
            "faces": {
                "north": { "texture": "#0", "uv": [ 0.0, 12.0, 6.0, 13.0 ] },
                "east": { "texture": "#0", "uv": [ 0.0, 4.0, 8.0, 5.0 ] },
                "south": { "texture": "#0", "uv": [ 3.0, 14.0, 4.0, 15.0 ] },
                "west": { "texture": "#0", "uv": [ 0.0, 0.0, 8.0, 1.0 ] },
                "up": { "texture": "#0", "uv": [ 5.0, 12.0, 11.0, 13.0 ] },
                "down": { "texture": "#0", "uv": [ 5.0, 4.0, 11.0, 5.0 ] }
            }
        },
        {
            "name": "Cube",
            "from": [ 3.0, 4.0, 3.0 ], 
            "to": [ 4.0, 12.0, 4.0 ], 
            "faces": {
                "north": { "texture": "#0", "uv": [ 0.0, 12.0, 8.0, 13.0 ] },
                "east": { "texture": "#0", "uv": [ 0.0, 0.0, 8.0, 1.0 ] },
                "south": { "texture": "#0", "uv": [ 4.0, 4.0, 12.0, 5.0 ] },
                "west": { "texture": "#0", "uv": [ 4.0, 4.0, 12.0, 5.0 ] },
                "up": { "texture": "#0", "uv": [ 4.0, 12.0, 12.0, 13.0 ] },
                "down": { "texture": "#0", "uv": [ 8.0, 14.0, 16.0, 15.0 ] }
            }
        },
        {
            "name": "Cube",
            "from": [ 12.0, 4.0, 3.0 ], 
            "to": [ 13.0, 12.0, 4.0 ], 
            "faces": {
                "north": { "texture": "#0", "uv": [ 0.0, 12.0, 8.0, 13.0 ] },
                "east": { "texture": "#0", "uv": [ 0.0, 0.0, 8.0, 1.0 ] },
                "south": { "texture": "#0", "uv": [ 4.0, 4.0, 12.0, 5.0 ] },
                "west": { "texture": "#0", "uv": [ 4.0, 4.0, 12.0, 5.0 ] },
                "up": { "texture": "#0", "uv": [ 4.0, 12.0, 12.0, 13.0 ] },
                "down": { "texture": "#0", "uv": [ 8.0, 14.0, 16.0, 15.0 ] }
            }
        },
        {
            "name": "Cube",
            "from": [ 12.0, 4.0, 12.0 ], 
            "to": [ 13.0, 12.0, 13.0 ], 
            "faces": {
                "north": { "texture": "#0", "uv": [ 0.0, 12.0, 8.0, 13.0 ] },
                "east": { "texture": "#0", "uv": [ 0.0, 0.0, 8.0, 1.0 ] },
                "south": { "texture": "#0", "uv": [ 4.0, 4.0, 12.0, 5.0 ] },
                "west": { "texture": "#0", "uv": [ 4.0, 4.0, 12.0, 5.0 ] },
                "up": { "texture": "#0", "uv": [ 4.0, 12.0, 12.0, 13.0 ] },
                "down": { "texture": "#0", "uv": [ 8.0, 14.0, 16.0, 15.0 ] }
            }
        },
        {
            "name": "Cube",
            "from": [ 3.0, 4.0, 12.0 ], 
            "to": [ 4.0, 12.0, 13.0 ], 
            "faces": {
                "north": { "texture": "#0", "uv": [ 0.0, 12.0, 8.0, 13.0 ] },
                "east": { "texture": "#0", "uv": [ 0.0, 0.0, 8.0, 1.0 ] },
                "south": { "texture": "#0", "uv": [ 4.0, 4.0, 12.0, 5.0 ] },
                "west": { "texture": "#0", "uv": [ 4.0, 4.0, 12.0, 5.0 ] },
                "up": { "texture": "#0", "uv": [ 4.0, 12.0, 12.0, 13.0 ] },
                "down": { "texture": "#0", "uv": [ 8.0, 14.0, 16.0, 15.0 ] }
            }
        }
    ]
}